section,source_uri,source_label,target_label,target_uri,match,skos_predicate
1. DAI Books,http://thesauri.dainst.org/_fa871da9,Aufzeichnung,chronicles,http://vocab.getty.edu/aat/300026361,exact match,exactMatch
1. DAI Books,http://thesauri.dainst.org/_85e43cae,Codex,codices,http://vocab.getty.edu/aat/300224200,exact match,exactMatch
1. DAI Books,http://thesauri.dainst.org/_1483b8da,Film,film (performing arts),http://vocab.getty.edu/aat/300054141,exact match,exactMatch
1. DAI Books,http://thesauri.dainst.org/_dddfb42c,Grabungsdokumentati on,documentation (activity),http://vocab.getty.edu/aat/300054638,close match,closeMatch
1. DAI Books,http://thesauri.dainst.org/_54363cb0,Kopie,replicas,http://vocab.getty.edu/aat/300015642,exact match,exactMatch
1. DAI Books,http://thesauri.dainst.org/_cbc68254,Korrespondenz,correspondence,http://vocab.getty.edu/aat/300026877,exact match,exactMatch
1. DAI Books,http://thesauri.dainst.org/_a0f55911,Materialsammlung,topical collections,http://vocab.getty.edu/aat/300378926,close match,closeMatch
1. DAI Books,http://thesauri.dainst.org/_befe9436,Leder,leather,http://vocab.getty.edu/aat/300011845,exact match,exactMatch
1. DAI Books,http://thesauri.dainst.org/_7963201b,Leinwand,canvas,http://vocab.getty.edu/aat/300014078,exact match,exactMatch
1. DAI Books,http://thesauri.dainst.org/_1386,Papier,<paper by composition or origin>,http://vocab.getty.edu/aat/300014110,close match,closeMatch
1. DAI Books,http://thesauri.dainst.org/_2676,Papyrus,papyrus (fiber product),http://vocab.getty.edu/aat/300014127,exact match,exactMatch
1. DAI Books,http://thesauri.dainst.org/_2677,Pergament,vellum (paper),http://vocab.getty.edu/aat/300250699,exact match,exactMatch
1. DAI Books,http://thesauri.dainst.org/_9ad3989f,Autor,authors,http://vocab.getty.edu/aat/300025492,exact match,exactMatch
1. DAI Books,http://thesauri.dainst.org/_ba4cc9e2,Grabungsleiter,excavators,http://vocab.getty.edu/aat/300390592,close match,closeMatch
1. DAI Books,http://thesauri.dainst.org/_2701,Künstler,artists (visual artists),http://vocab.getty.edu/aat/300025103,exact match,exactMatch
1. DAI Books,http://thesauri.dainst.org/_dd360f8a,Photograph,photographers,http://vocab.getty.edu/aat/300025687,exact match,exactMatch
1. DAI Books,http://thesauri.dainst.org/_150ca422,Regisseur,directors (performing arts),http://vocab.getty.edu/aat/300025654,exact match,exactMatch
2. DAI Collections,http://thesauri.dainst.org/_3d134df3,aristokratisch,aristocracy,http://vocab.getty.edu/aat/300055484,close match,closeMatch
2. DAI Collections,http://thesauri.dainst.org/_0c5b348e,bürgerlich,burghers,http://vocab.getty.edu/aat/300386272,close match,closeMatch
2. DAI Collections,http://thesauri.dainst.org/_30178e37,Museum,museums (institutions),http://vocab.getty.edu/aat/300312281,close match,closeMatch
2. DAI Collections,http://thesauri.dainst.org/_5,Sonstiges,miscellaneous,http://vocab.getty.edu/aat/300386698,close match,closeMatch
2. DAI Collections,http://thesauri.dainst.org/_0189f056,Auktion,auctions,http://vocab.getty.edu/aat/300054751,close match,closeMatch
2. DAI Collections,http://thesauri.dainst.org/_0492ee07,Schenkung,donations,http://vocab.getty.edu/aat/300079436,close match,closeMatch
2. DAI Collections,http://thesauri.dainst.org/_22f17d06,Vererbung,events (activities),http://vocab.getty.edu/aat/300069084,close match,closeMatch
2. DAI Collections,http://thesauri.dainst.org/_56cad583,Verkauf,sales events,http://vocab.getty.edu/aat/300069089,close match,closeMatch
2. DAI Collections,http://thesauri.dainst.org/_17efda54,Zerstörung,destruction (process),http://vocab.getty.edu/aat/300053087,close match,closeMatch
2. DAI Collections,http://thesauri.dainst.org/_c38aa55f,Versteigerung,auctions,http://vocab.getty.edu/aat/300054751,close match,closeMatch
2. DAI Collections,http://thesauri.dainst.org/_d289d1a9,Konfiszierung,confiscating,http://vocab.getty.edu/aat/300079201,close match,closeMatch
3. DAI Inscriptions,http://thesauri.dainst.org/_3881,griechisch,Greek (language),http://vocab.getty.edu/aat/300389734,exact match,exactMatch
3. DAI Inscriptions,http://thesauri.dainst.org/_3882,lateinisch,Latin (language),http://vocab.getty.edu/aat/300388693,exact match,exactMatch
3. DAI Inscriptions,http://thesauri.dainst.org/_d6217c47,arabisch,Arabic (style),http://vocab.getty.edu/aat/300385957,exact match,exactMatch
3. DAI Inscriptions,http://thesauri.dainst.org/_9663e946,aramäisch,Aramaic (language),http://vocab.getty.edu/aat/300387857,exact match,exactMatch
3. DAI Inscriptions,http://thesauri.dainst.org/_303aea25,armenisch,Armenian (ancient culture or style),http://vocab.getty.edu/aat/300254935,exact match,exactMatch
3. DAI Inscriptions,http://thesauri.dainst.org/_169f7db3,demotisch,demotic,http://vocab.getty.edu/aat/300206213,exact match,exactMatch
3. DAI Inscriptions,http://thesauri.dainst.org/_61fc01bc,etruskisch,Etruscan (culture or style),http://vocab.getty.edu/aat/300020471,exact match,exactMatch
3. DAI Inscriptions,http://thesauri.dainst.org/_c4c74360,hethitisch,Hittite (culture or style),http://vocab.getty.edu/aat/300019652,exact match,exactMatch
3. DAI Inscriptions,http://thesauri.dainst.org/_54354aea,hieratisch,hieratic,http://vocab.getty.edu/aat/300206211,exact match,exactMatch
3. DAI Inscriptions,http://thesauri.dainst.org/_0ebbb198,hieroglyphisch,hieroglyphics,http://vocab.getty.edu/aat/300028721,exact match,exactMatch
3. DAI Inscriptions,http://thesauri.dainst.org/_2828ca6c,Keilschrift,cuneiform,http://vocab.getty.edu/aat/300028711,exact match,exactMatch
3. DAI Inscriptions,http://thesauri.dainst.org/_42464cba,koptisch,"Egyptian, Coptic (language)",http://vocab.getty.edu/aat/300388268,exact match,exactMatch
3. DAI Inscriptions,http://thesauri.dainst.org/_51b56937,kyrillisch,Cyrillic,http://vocab.getty.edu/aat/300256135,exact match,exactMatch
3. DAI Inscriptions,http://thesauri.dainst.org/_3868,lykisch,Lycian,http://vocab.getty.edu/aat/300019700,exact match,exactMatch
3. DAI Inscriptions,http://thesauri.dainst.org/_1ffb45c5,osmanisch,Ottoman (style),http://vocab.getty.edu/aat/300021614,exact match,exactMatch
3. DAI Inscriptions,http://thesauri.dainst.org/_7d53da3b,persisch,Persian (culture),http://vocab.getty.edu/aat/300019933,exact match,exactMatch
3. DAI Inscriptions,http://thesauri.dainst.org/_3873,punisch,"Punic (Carthaginian, culture or style)",http://vocab.getty.edu/aat/300262964,exact match,exactMatch
3. DAI Inscriptions,http://thesauri.dainst.org/_4f6f0dd3,Runen,runes,http://vocab.getty.edu/aat/300219050,exact match,exactMatch
3. DAI Inscriptions,http://thesauri.dainst.org/_6a32477b,türkisch,Turkish (culture or style),http://vocab.getty.edu/aat/300193868,exact match,exactMatch
4. DAI Monuments,http://thesauri.dainst.org/_4e0f83c7,Aedicula,aedicules,http://vocab.getty.edu/aat/300002574,exact match,exactMatch
4. DAI Monuments,http://thesauri.dainst.org/_2739,Altar,altars,http://vocab.getty.edu/aat/300003725,exact match,exactMatch
4. DAI Monuments,http://thesauri.dainst.org/_2811,Amphitheater,amphitheaters (built works),http://vocab.getty.edu/aat/300007128,exact match,exactMatch
4. DAI Monuments,http://thesauri.dainst.org/_2746,Basilika,basilicas,http://vocab.getty.edu/aat/300170443,exact match,exactMatch
4. DAI Monuments,http://thesauri.dainst.org/_4d76417e,Bogen,arches,http://vocab.getty.edu/aat/300000994,exact match,exactMatch
4. DAI Monuments,http://thesauri.dainst.org/_1367,Bergbau,mine structures,http://vocab.getty.edu/aat/300006423,exact match,exactMatch
4. DAI Monuments,http://thesauri.dainst.org/_4d76417e,Bogen,memorial arches,http://vocab.getty.edu/aat/300007002,exact match,exactMatch
4. DAI Monuments,http://thesauri.dainst.org/_330b6e2e,Bouleuterion,bouleuteria,http://vocab.getty.edu/aat/300006015,exact match,exactMatch
4. DAI Monuments,http://thesauri.dainst.org/_2751,Brücke,bridges (built works),http://vocab.getty.edu/aat/300007836,exact match,exactMatch
4. DAI Monuments,http://thesauri.dainst.org/_3447,Brunnen,wells (structures),http://vocab.getty.edu/aat/300006207,exact match,exactMatch
4. DAI Monuments,http://thesauri.dainst.org/_2753,Circus,circuses (Roman arenas),http://vocab.getty.edu/aat/300007255,exact match,exactMatch
4. DAI Monuments,http://thesauri.dainst.org/_89a8fc29,Denkmal,monuments,http://vocab.getty.edu/aat/300006958,close match,closeMatch
4. DAI Monuments,http://thesauri.dainst.org/_1af93ea0,Geschäshaus,commercial buildings,http://vocab.getty.edu/aat/300005147,exact match,exactMatch
4. DAI Monuments,http://thesauri.dainst.org/_2760,Grabbau,funerary structures,http://vocab.getty.edu/aat/300122208,exact match,exactMatch
4. DAI Monuments,http://thesauri.dainst.org/_6ebede2f,Gymnasium,gymnasiums,http://vocab.getty.edu/aat/300007297,exact match,exactMatch
4. DAI Monuments,http://thesauri.dainst.org/_2769,Kirche,churches (buildings),http://vocab.getty.edu/aat/300007466,exact match,exactMatch
4. DAI Monuments,http://thesauri.dainst.org/_84b4f73a,Megalithbau,megalithic chamber tombs,http://vocab.getty.edu/aat/300005934,narrow math,narrowMatch
4. DAI Monuments,http://thesauri.dainst.org/_84b4f73a,Megalithbau,megalithic monuments,http://vocab.getty.edu/aat/300006983,narrow math,narrowMatch
4. DAI Monuments,http://thesauri.dainst.org/_84b4f73a,Megalithbau,megaliths,http://vocab.getty.edu/aat/300123562,narrow math,narrowMatch
4. DAI Monuments,http://thesauri.dainst.org/_391,Moschee,mosques (buildings),http://vocab.getty.edu/aat/300007544,exact match,exactMatch
4. DAI Monuments,http://thesauri.dainst.org/_7f18ce65,Nymphäum,nymphaea (garden structures),http://vocab.getty.edu/aat/300006809,exact match,exactMatch
4. DAI Monuments,http://thesauri.dainst.org/_b971daa6,Odeion,odea,http://vocab.getty.edu/aat/300127075,exact match,exactMatch
4. DAI Monuments,http://thesauri.dainst.org/_0f873f3f,Säulenhalle,stoas,http://vocab.getty.edu/aat/300005144,narrow math,narrowMatch
4. DAI Monuments,http://thesauri.dainst.org/_2790,Schatzhaus,treasuries,http://vocab.getty.edu/aat/300006050,close match,closeMatch
4. DAI Monuments,http://thesauri.dainst.org/_53ba880b,Stadion,stadiums,http://vocab.getty.edu/aat/300007271,broad match,broadMatch
4. DAI Monuments,http://thesauri.dainst.org/_df2452de,Taberne,commercial buildings,http://vocab.getty.edu/aat/300005147,broad match,broadMatch
4. DAI Monuments,http://thesauri.dainst.org/_2901,Tempel,temples (buildings),http://vocab.getty.edu/aat/300007595,exact match,exactMatch
4. DAI Monuments,http://thesauri.dainst.org/_3588,Theater,theaters (buildings),http://vocab.getty.edu/aat/300007117,broad match,broadMatch
4. DAI Monuments,http://thesauri.dainst.org/_691bba9c,Thermen,thermae,http://vocab.getty.edu/aat/300007364,close match,closeMatch
4. DAI Monuments,http://thesauri.dainst.org/_d914ec36,Torbau,gatehouses,http://vocab.getty.edu/aat/300005621,exact match,exactMatch
4. DAI Monuments,http://thesauri.dainst.org/_bb043f29,Turm,towers (single built works),http://vocab.getty.edu/aat/300004847,exact match,exactMatch
4. DAI Monuments,http://thesauri.dainst.org/_a9308610,Verteidigungsanla ge,fortifications,http://vocab.getty.edu/aat/300006888,close match,closeMatch
4. DAI Monuments,http://thesauri.dainst.org/_19456837,Wohnbau,residential structures,http://vocab.getty.edu/aat/300257729,close match,closeMatch
4. DAI Monuments,http://thesauri.dainst.org/_2742,Aquädukt,aqueducts,http://vocab.getty.edu/aat/300006165,exact match,exactMatch
4. DAI Monuments,http://thesauri.dainst.org/_32a94cf8,Bahnhof,railroad stations,http://vocab.getty.edu/aat/300007783,exact match,exactMatch
4. DAI Monuments,http://thesauri.dainst.org/_2748,Bibliothek,libraries (buildings),http://vocab.getty.edu/aat/300006824,close match,closeMatch
4. DAI Monuments,http://thesauri.dainst.org/_01f3c708,Curia,curiae,http://vocab.getty.edu/aat/300006027,exact match,exactMatch
4. DAI Monuments,http://thesauri.dainst.org/_402de9d0,Botschaft,embassies,http://vocab.getty.edu/aat/300108008,exact match,exactMatch
4. DAI Monuments,http://thesauri.dainst.org/_e764db27,Ehrensäule,triumphal columns,http://vocab.getty.edu/aat/300248647,close match,closeMatch
4. DAI Monuments,http://thesauri.dainst.org/_a07e625f,Exedramonument,monuments,http://vocab.getty.edu/aat/300006958,broad match,broadMatch
4. DAI Monuments,http://thesauri.dainst.org/_08f1839e,Heroon,heroa,http://vocab.getty.edu/aat/300005888,exact match,exactMatch
4. DAI Monuments,http://thesauri.dainst.org/_9bcb8115,Horreum / Magazingebäude,horrea,http://vocab.getty.edu/aat/300120504,exact match,exactMatch
4. DAI Monuments,http://thesauri.dainst.org/_b9994efb,Hotel,hotels (public accommodations),http://vocab.getty.edu/aat/300007166,exact match,exactMatch
4. DAI Monuments,http://thesauri.dainst.org/_2767,Kaserne,barracks,http://vocab.getty.edu/aat/300005665,exact match,exactMatch
4. DAI Monuments,http://thesauri.dainst.org/_2771,Krankenhaus,hospitals (buildings for health facility),http://vocab.getty.edu/aat/300006676,close match,closeMatch
4. DAI Monuments,http://thesauri.dainst.org/_2774,Latrine,latrines,http://vocab.getty.edu/aat/300007951,close match,closeMatch
4. DAI Monuments,http://thesauri.dainst.org/_60113156,Leuchtturm,lighthouses,http://vocab.getty.edu/aat/300007741,close match,closeMatch
4. DAI Monuments,http://thesauri.dainst.org/_f1d12674,Macellum / Markt,macella,http://vocab.getty.edu/aat/300005241,exact match,exactMatch
4. DAI Monuments,http://thesauri.dainst.org/_f1d12674,Macellum / Markt,markets (structures),http://vocab.getty.edu/aat/300005238,close match,closeMatch
4. DAI Monuments,http://thesauri.dainst.org/_30178e37,Museum,museums (buildings),http://vocab.getty.edu/aat/300005768,exact match,exactMatch
4. DAI Monuments,http://thesauri.dainst.org/_2782,Principia,military buildings,http://vocab.getty.edu/aat/300006887,broad match,broadMatch
4. DAI Monuments,http://thesauri.dainst.org/_e1e0e72e,Propylon,propylaea,http://vocab.getty.edu/aat/300005090,exact match,exactMatch
4. DAI Monuments,http://thesauri.dainst.org/_2784,Pyramide,pyramids (tombs or platforms),http://vocab.getty.edu/aat/300004838,exact match,exactMatch
4. DAI Monuments,http://thesauri.dainst.org/_0e7a4339,Rampe,ramps (circulation elements),http://vocab.getty.edu/aat/300003219,close match,closeMatch
4. DAI Monuments,http://thesauri.dainst.org/_67842c9a,Rathaus,town halls,http://vocab.getty.edu/aat/300006063,exact match,exactMatch
4. DAI Monuments,http://thesauri.dainst.org/_f483df78,Rednertribüne,rostra,http://vocab.getty.edu/aat/300265624,close match,closeMatch
4. DAI Monuments,http://thesauri.dainst.org/_58a1cbaf,Schule,schools (buildings),http://vocab.getty.edu/aat/300006495,close match,closeMatch
4. DAI Monuments,http://thesauri.dainst.org/_41f91ee6,Wasserspeicher,reservoirs (water distribution structures),http://vocab.getty.edu/aat/300006191,exact match,exactMatch
4. DAI Monuments,http://thesauri.dainst.org/_01b8468c,Werkstatt,workshop buildings,http://vocab.getty.edu/aat/300007733,exact match,exactMatch
4. DAI Monuments,http://thesauri.dainst.org/_2806,Zisterne,cisterns (plumbing components),http://vocab.getty.edu/aat/300052558,exact match,exactMatch
4. DAI Monuments,http://thesauri.dainst.org/_1ddd6d26,Zollgebäude,toll-collection structures,http://vocab.getty.edu/aat/300007820,narrow math,narrowMatch
4. DAI Monuments,http://thesauri.dainst.org/_2796,Synagoge,synagogues (buildings),http://vocab.getty.edu/aat/300007590,exact match,exactMatch
4. DAI Monuments,http://thesauri.dainst.org/_77e0a34d,Rostra,rostra,http://vocab.getty.edu/aat/300265624,exact match,exactMatch
4. DAI Monuments,http://thesauri.dainst.org/_b24e1e12,Prytaneion,prytaneia,http://vocab.getty.edu/aat/300127097,exact match,exactMatch
4. DAI Monuments,http://thesauri.dainst.org/_d7921edb,Pilgerstation,pilgrimage churches (buildings),http://vocab.getty.edu/aat/300007493,narrow math,narrowMatch
4. DAI Monuments,http://thesauri.dainst.org/_41bac42c,Mastaba,mastabas (tombs),http://vocab.getty.edu/aat/300005933,exact match,exactMatch
4. DAI Monuments,http://thesauri.dainst.org/_ce31583b,Mole,moles (structures),http://vocab.getty.edu/aat/300387387,exact match,exactMatch
4. DAI Monuments,http://thesauri.dainst.org/_84059290,Mühle,water mills,http://vocab.getty.edu/aat/300006270,narrow math,narrowMatch
4. DAI Monuments,http://thesauri.dainst.org/_84059290,Mühle,windmills,http://vocab.getty.edu/aat/300006273,narrow math,narrowMatch
4. DAI Monuments,http://thesauri.dainst.org/_6969a8c7,Fabrikgebäude,industrial buildings,http://vocab.getty.edu/aat/300006231,close match,closeMatch
4. DAI Monuments,http://thesauri.dainst.org/_67406207,Grabungshaus,depots (storage),http://vocab.getty.edu/aat/300312279,broad match,broadMatch
4. DAI Monuments,http://thesauri.dainst.org/_44ecd5e7,Hippodrom / Zirkus,hippodromes (Greek sports buildings),http://vocab.getty.edu/aat/300108449,exact match,exactMatch
4. DAI Monuments,http://thesauri.dainst.org/_5b9f2871,Akropolis,acropolises,http://vocab.getty.edu/aat/300000700,exact match,exactMatch
4. DAI Monuments,http://thesauri.dainst.org/_60efc5d6,Befestigungsbau,fortifications,http://vocab.getty.edu/aat/300006888,close match,closeMatch
4. DAI Monuments,http://thesauri.dainst.org/_2be24780,Forum/Agora,agoras,http://vocab.getty.edu/aat/300008074,exact match,exactMatch
4. DAI Monuments,http://thesauri.dainst.org/_2be24780,Forum/Agora,forums (open spaces),http://vocab.getty.edu/aat/300008085,exact match,exactMatch
4. DAI Monuments,http://thesauri.dainst.org/_82dae6eb,Heiligtum/Sakrale r Komplex,religious districts,http://vocab.getty.edu/aat/300000796,close match,closeMatch
4. DAI Monuments,http://thesauri.dainst.org/_2ea5294b,Nekropole,necropolises,http://vocab.getty.edu/aat/300000372,exact match,exactMatch
4. DAI Monuments,http://thesauri.dainst.org/_2778,Palast,palaces,http://vocab.getty.edu/aat/300005734,close match,closeMatch
4. DAI Monuments,http://thesauri.dainst.org/_9c923970,Technische Bauten,industrial districts,http://vocab.getty.edu/aat/300000739,close match,closeMatch
4. DAI Monuments,http://thesauri.dainst.org/_5a8adc40,Wohnviertel,residential districts,http://vocab.getty.edu/aat/300000742,close match,closeMatch
4. DAI Monuments,http://thesauri.dainst.org/_ed86ff70,ländlich,rural areas,http://vocab.getty.edu/aat/300229355,close match,closeMatch
4. DAI Monuments,http://thesauri.dainst.org/_6d543ff9,urban,urban areas,http://vocab.getty.edu/aat/300130893,close match,closeMatch
4. DAI Monuments,http://thesauri.dainst.org/_344ef1a0,suburban,suburban landscapes,http://vocab.getty.edu/aat/300132448,close match,closeMatch
4. DAI Monuments,http://thesauri.dainst.org/_3701_a470a738408e250b1ed2c7c8f5ea05ac,unbekannt,unidentified,http://vocab.getty.edu/aat/300386154,exact match,exactMatch
4. DAI Monuments,http://thesauri.dainst.org/_266c3def,eigenständiges Gebäude,single built works (built environment),http://vocab.getty.edu/aat/300004790,exact match,exactMatch
4. DAI Monuments,http://thesauri.dainst.org/_89a1fc71,integriertes Gebäude,building divisions,http://vocab.getty.edu/aat/300072553,exact match,exactMatch
4. DAI Monuments,http://thesauri.dainst.org/_3701_a470a738408e250b1ed2c7c8f5ea05ac,unbekannt,unidentified,http://vocab.getty.edu/aat/300386154,exact match,exactMatch
4. DAI Monuments,http://thesauri.dainst.org/_5c1e6cf8,eintorig,arches,http://vocab.getty.edu/aat/300000994,broad match,broadMatch
4. DAI Monuments,http://thesauri.dainst.org/_a4c7b41e,zweitorig,arches,http://vocab.getty.edu/aat/300000994,broad match,broadMatch
4. DAI Monuments,http://thesauri.dainst.org/_ba8b6d31,dreitorig,arches,http://vocab.getty.edu/aat/300000994,broad match,broadMatch
4. DAI Monuments,http://thesauri.dainst.org/_aba19def,mehrtorig,arches,http://vocab.getty.edu/aat/300000994,broad match,broadMatch
4. DAI Monuments,http://thesauri.dainst.org/_a9e1dd32,Tetrapylon/Quadr ifrons,quadrifrontal arches,http://vocab.getty.edu/aat/300264349,exact match,exactMatch
4. DAI Monuments,http://thesauri.dainst.org/_48a53f10,einschiffig,basilicas,http://vocab.getty.edu/aat/300170443,broad match,broadMatch
4. DAI Monuments,http://thesauri.dainst.org/_89db57c4,zweischiffig,basilicas,http://vocab.getty.edu/aat/300170443,broad match,broadMatch
4. DAI Monuments,http://thesauri.dainst.org/_e63ae8fe,dreischiffig,basilicas,http://vocab.getty.edu/aat/300170443,broad match,broadMatch
4. DAI Monuments,http://thesauri.dainst.org/_56be75ec,vierschiffig,basilicas,http://vocab.getty.edu/aat/300170443,broad match,broadMatch
4. DAI Monuments,http://thesauri.dainst.org/_e5b1a6bb,fünfschiffig,basilicas,http://vocab.getty.edu/aat/300170443,broad match,broadMatch
4. DAI Monuments,http://thesauri.dainst.org/_1c1a75dd,Felsgrab,rock-cut tombs,http://vocab.getty.edu/aat/300120624,exact match,exactMatch
4. DAI Monuments,http://thesauri.dainst.org/_94577d2c,Mehrstöckiger Aediculabau,sepulchral buildings,http://vocab.getty.edu/aat/300005881,broad match,broadMatch
4. DAI Monuments,http://thesauri.dainst.org/_044988ef,Rundbau,sepulchral buildings,http://vocab.getty.edu/aat/300005881,broad match,broadMatch
4. DAI Monuments,http://thesauri.dainst.org/_044988ef,Rundbau,rotundas (buildings),http://vocab.getty.edu/aat/300004842,broad match,broadMatch
4. DAI Monuments,http://thesauri.dainst.org/_e1e5f52e,Türbe,mausoleums,http://vocab.getty.edu/aat/300005891,exact match,exactMatch
4. DAI Monuments,http://thesauri.dainst.org/_b86f4b17,Tumulus,tumuli,http://vocab.getty.edu/aat/300391495,exact match,exactMatch
4. DAI Monuments,http://thesauri.dainst.org/_bea379f7,Grabaltar,grave altars,http://vocab.getty.edu/aat/300391172,exact match,exactMatch
4. DAI Monuments,http://thesauri.dainst.org/_6f5fdc0e,Columbarium,columbaria (cemeteries),http://vocab.getty.edu/aat/300000370,exact match,exactMatch
4. DAI Monuments,http://thesauri.dainst.org/_5a4fa5a0,Grabtempel,mortuary temples,http://vocab.getty.edu/aat/300007613,exact match,exactMatch
4. DAI Monuments,http://thesauri.dainst.org/_868b108a,Stadtkirche,churches (buildings),http://vocab.getty.edu/aat/300007466,broad match,broadMatch
4. DAI Monuments,http://thesauri.dainst.org/_fa014013,Dorfkirche,churches (buildings),http://vocab.getty.edu/aat/300007466,broad match,broadMatch
4. DAI Monuments,http://thesauri.dainst.org/_8e0c0f80,Kapelle,chapels (rooms or structures),http://vocab.getty.edu/aat/300004590,exact match,exactMatch
4. DAI Monuments,http://thesauri.dainst.org/_32ade5dd,Klosterkirche,abbey churches,http://vocab.getty.edu/aat/300007495,narrow math,narrowMatch
4. DAI Monuments,http://thesauri.dainst.org/_32ade5dd,Klosterkirche,monastic churches (buildings),http://vocab.getty.edu/aat/300007519,exact match,exactMatch
4. DAI Monuments,http://thesauri.dainst.org/_5bfa9a82,amphiprostyler Tempel,amphiprostyle,http://vocab.getty.edu/aat/300163729,close match,closeMatch
4. DAI Monuments,http://thesauri.dainst.org/_5bfa9a82,amphiprostyler Tempel,temples (buildings),http://vocab.getty.edu/aat/300007595,broad match,broadMatch
4. DAI Monuments,http://thesauri.dainst.org/_99d8c615,Antentempel,temples (buildings),http://vocab.getty.edu/aat/300007595,broad match,broadMatch
4. DAI Monuments,http://thesauri.dainst.org/_53c052d3,Dipteros,dipteral,http://vocab.getty.edu/aat/300135990,close match,closeMatch
4. DAI Monuments,http://thesauri.dainst.org/_53c052d3,Dipteros,temples (buildings),http://vocab.getty.edu/aat/300007595,broad match,broadMatch
4. DAI Monuments,http://thesauri.dainst.org/_48bb570d,Doppelantentem pel,temples (buildings),http://vocab.getty.edu/aat/300007595,broad match,broadMatch
4. DAI Monuments,http://thesauri.dainst.org/_9f9088c2,Hoftempel,temples (buildings),http://vocab.getty.edu/aat/300007595,broad match,broadMatch
4. DAI Monuments,http://thesauri.dainst.org/_2777,Mithräum,mithraea,http://vocab.getty.edu/aat/300007567,exact match,exactMatch
4. DAI Monuments,http://thesauri.dainst.org/_7212a798,Naiskos,naiskoi,http://vocab.getty.edu/aat/300108367,exact match,exactMatch
4. DAI Monuments,http://thesauri.dainst.org/_203b2f61,Peripteros sine postico,peripteral,http://vocab.getty.edu/aat/300135991,close match,closeMatch
4. DAI Monuments,http://thesauri.dainst.org/_203b2f61,Peripteros sine postico,temples (buildings),http://vocab.getty.edu/aat/300007595,broad match,broadMatch
4. DAI Monuments,http://thesauri.dainst.org/_b668b3ed,Peripteros,peripteral,http://vocab.getty.edu/aat/300135991,close match,closeMatch
4. DAI Monuments,http://thesauri.dainst.org/_b668b3ed,Peripteros,temples (buildings),http://vocab.getty.edu/aat/300007595,broad match,broadMatch
4. DAI Monuments,http://thesauri.dainst.org/_84c6ab45,prostyler Tempel,prostyle,http://vocab.getty.edu/aat/300163741,close match,closeMatch
4. DAI Monuments,http://thesauri.dainst.org/_84c6ab45,prostyler Tempel,temples (buildings),http://vocab.getty.edu/aat/300007595,broad match,broadMatch
4. DAI Monuments,http://thesauri.dainst.org/_94da35d2,Pseudo-Dipteros,dipteral,http://vocab.getty.edu/aat/300135990,broad match,broadMatch
4. DAI Monuments,http://thesauri.dainst.org/_94da35d2,Pseudo-Dipteros,temples (buildings),http://vocab.getty.edu/aat/300007595,broad match,broadMatch
4. DAI Monuments,http://thesauri.dainst.org/_16e8066f,Pseudo- Peripteros,peripteral,http://vocab.getty.edu/aat/300135991,broad match,broadMatch
4. DAI Monuments,http://thesauri.dainst.org/_16e8066f,Pseudo- Peripteros,temples (buildings),http://vocab.getty.edu/aat/300007595,broad match,broadMatch
4. DAI Monuments,http://thesauri.dainst.org/_cade55c0,Tholos,tholoi,http://vocab.getty.edu/aat/300121227,exact match,exactMatch
4. DAI Monuments,http://thesauri.dainst.org/_882d9db7,Umgangstempel,fanums,http://vocab.getty.edu/aat/300400628,narrow math,narrowMatch
4. DAI Monuments,http://thesauri.dainst.org/_247c7d26,griechisches Theater,open-air theaters,http://vocab.getty.edu/aat/300007126,broad match,broadMatch
4. DAI Monuments,http://thesauri.dainst.org/_e0b78ecd,römisches Theater,open-air theaters,http://vocab.getty.edu/aat/300007126,broad match,broadMatch
4. DAI Monuments,http://thesauri.dainst.org/_2811,Amphitheater,amphitheaters (built works),http://vocab.getty.edu/aat/300007128,exact match,exactMatch
4. DAI Monuments,http://thesauri.dainst.org/_241b3c83,Mauerturm,wall towers,http://vocab.getty.edu/aat/300003639,exact match,exactMatch
4. DAI Monuments,http://thesauri.dainst.org/_24f7e426,Turmgehöft,towers (single built works),http://vocab.getty.edu/aat/300004847,broad match,broadMatch
4. DAI Monuments,http://thesauri.dainst.org/_c807125a,Wachturm,watchtowers,http://vocab.getty.edu/aat/300134522,exact match,exactMatch
4. DAI Monuments,http://thesauri.dainst.org/_c5eff9b0,Wohnturm,tower houses (defensive structures),http://vocab.getty.edu/aat/300182716,exact match,exactMatch
4. DAI Monuments,http://thesauri.dainst.org/_879d2c87,Uhrturm,clock towers (towers),http://vocab.getty.edu/aat/300004857,exact match,exactMatch
4. DAI Monuments,http://thesauri.dainst.org/_1a5f65fc,Torturm,gate towers,http://vocab.getty.edu/aat/300003627,exact match,exactMatch
4. DAI Monuments,http://thesauri.dainst.org/_950aa627,Atriumhaus,atrium houses,http://vocab.getty.edu/aat/300005451,exact match,exactMatch
4. DAI Monuments,http://thesauri.dainst.org/_2778,Palast,palaces,http://vocab.getty.edu/aat/300005734,exact match,exactMatch
4. DAI Monuments,http://thesauri.dainst.org/_b3b6ee12,Peristylhaus,peristyle houses,http://vocab.getty.edu/aat/300005452,exact match,exactMatch
4. DAI Monuments,http://thesauri.dainst.org/_2804,Villa,villas,http://vocab.getty.edu/aat/300005517,exact match,exactMatch
4. DAI Monuments,http://thesauri.dainst.org/_62543af3,Dolmen,megalithic chamber tombs,http://vocab.getty.edu/aat/300005934,exact match,exactMatch
4. DAI Monuments,http://thesauri.dainst.org/_485b993c,Ganggrab,passage graves,http://vocab.getty.edu/aat/300120810,exact match,exactMatch
4. DAI Monuments,http://thesauri.dainst.org/_71dff4f7,Allée couvert,gallery graves,http://vocab.getty.edu/aat/300005939,exact match,exactMatch
4. DAI Monuments,http://thesauri.dainst.org/_b80f2cd5,Kromlech,cromlechs,http://vocab.getty.edu/aat/300006998,narrow math,narrowMatch
4. DAI Monuments,http://thesauri.dainst.org/_2a43d597,Barbakane,barbicans,http://vocab.getty.edu/aat/300003628,exact match,exactMatch
4. DAI Monuments,http://thesauri.dainst.org/_60efc5d6,Befestigungsbau,fortifications,http://vocab.getty.edu/aat/300006888,exact match,exactMatch
4. DAI Monuments,http://thesauri.dainst.org/_e6533d72,Befestigungsmau er,defensive walls,http://vocab.getty.edu/aat/300002485,exact match,exactMatch
4. DAI Monuments,http://thesauri.dainst.org/_f384745a,Kurtine,curtain walls (fortification elements),http://vocab.getty.edu/aat/300002504,exact match,exactMatch
4. DAI Monuments,http://thesauri.dainst.org/_fa805797,Wehrgang,terrepleins,http://vocab.getty.edu/aat/300002508,exact match,exactMatch
4. DAI Monuments,http://thesauri.dainst.org/_f842b64f,Tonverarbeitung,brickworks (factories),http://vocab.getty.edu/aat/300006278,narrow math,narrowMatch
4. DAI Monuments,http://thesauri.dainst.org/_d0339afd,Metallverarbeitun g,smithies,http://vocab.getty.edu/aat/300007734,close match,closeMatch
4. DAI Monuments,http://thesauri.dainst.org/_d0339afd,Metallverarbeitun g,metalworking plants,http://vocab.getty.edu/aat/300169784,close match,closeMatch
4. DAI Monuments,http://thesauri.dainst.org/_989f0e9e,Steinverarbeitung,quarries (extracting complexes),http://vocab.getty.edu/aat/300000402,narrow math,narrowMatch
4. DAI Monuments,http://thesauri.dainst.org/_989f0e9e,Steinverarbeitung,stonemasonry,http://vocab.getty.edu/aat/300386948,close match,closeMatch
4. DAI Monuments,http://thesauri.dainst.org/_989f0e9e,Steinverarbeitung,workshop buildings,http://vocab.getty.edu/aat/300007733,broad match,broadMatch
4. DAI Monuments,http://thesauri.dainst.org/_89eafd46,Glasverarbeitung,glassworks (buildings),http://vocab.getty.edu/aat/300389849,exact match,exactMatch
4. DAI Monuments,http://thesauri.dainst.org/_a46e0d7c,Textilverarbeitun g,textile mills,http://vocab.getty.edu/aat/300006321,close match,closeMatch
4. DAI Monuments,http://thesauri.dainst.org/_746b1bed,Nahrungsverarbei tung,processing plants,http://vocab.getty.edu/aat/300164121,close match,closeMatch
4. DAI Monuments,http://thesauri.dainst.org/_8a370786,Holzverarbeitung,sawmills (factories),http://vocab.getty.edu/aat/300006306,narrow math,narrowMatch
4. DAI Monuments,http://thesauri.dainst.org/_8a370786,Holzverarbeitung,planing mills,http://vocab.getty.edu/aat/300006304,close match,closeMatch
4. DAI Monuments,http://thesauri.dainst.org/_aa14d1ae,Leder- /Pelzverarbeitung,tanneries,http://vocab.getty.edu/aat/300006302,close match,closeMatch
4. DAI Monuments,http://thesauri.dainst.org/_d89cd8a1,Parfümproduktio n,workshop buildings,http://vocab.getty.edu/aat/300007733,broad match,broadMatch
4. DAI Monuments,http://thesauri.dainst.org/_7c6d9f45,Kalkbrennerei,limeworks,http://vocab.getty.edu/aat/300255747,close match,closeMatch
4. DAI Monuments,http://thesauri.dainst.org/_de742fda,Teer,workshop buildings,http://vocab.getty.edu/aat/300007733,broad match,broadMatch
4. DAI Monuments,http://thesauri.dainst.org/_3626,Pech,workshop buildings,http://vocab.getty.edu/aat/300007733,broad match,broadMatch
4. DAI Monuments,http://thesauri.dainst.org/_a0bd1faa,Leimsiederei,workshop buildings,http://vocab.getty.edu/aat/300007733,broad match,broadMatch
4. DAI Monuments,http://thesauri.dainst.org/_b796f042,Köhlerei,workshop buildings,http://vocab.getty.edu/aat/300007733,broad match,broadMatch
4. DAI Monuments,http://thesauri.dainst.org/_5c1d6a07,Gefäßflicker,workshop buildings,http://vocab.getty.edu/aat/300007733,broad match,broadMatch
4. DAI Monuments,http://thesauri.dainst.org/_2684,Wachs,workshop buildings,http://vocab.getty.edu/aat/300007733,broad match,broadMatch
5. DAI Multi Part Monuments,http://thesauri.dainst.org/_2746,Basilika,basilicas,http://vocab.getty.edu/aat/300170443,exact match,exactMatch
5. DAI Multi Part Monuments,http://thesauri.dainst.org/_2756,Garten,gardens (open spaces),http://vocab.getty.edu/aat/300008090,exact match,exactMatch
5. DAI Multi Part Monuments,http://thesauri.dainst.org/_2765,Heiligtum,sanctuaries (religious building spaces),http://vocab.getty.edu/aat/300004575,exact match,exactMatch
5. DAI Multi Part Monuments,http://thesauri.dainst.org/_2769,Kirche,churches (buildings),http://vocab.getty.edu/aat/300007466,exact match,exactMatch
5. DAI Multi Part Monuments,http://thesauri.dainst.org/_90f11ef0,Nekropole/Grab,necropolises,http://vocab.getty.edu/aat/300000372,exact match,exactMatch
5. DAI Multi Part Monuments,http://thesauri.dainst.org/_3ec13368,Öffentlicher Platz,public spaces,http://vocab.getty.edu/aat/300263422,exact match,exactMatch
5. DAI Multi Part Monuments,http://thesauri.dainst.org/_d563592b,privater Raum,space (natural or built world),http://vocab.getty.edu/aat/300400517,close match,closeMatch
5. DAI Multi Part Monuments,http://thesauri.dainst.org/_d563592b,privater Raum,privacy,http://vocab.getty.edu/aat/300056387,broad match,broadMatch
5. DAI Multi Part Monuments,http://thesauri.dainst.org/_53ba880b,Stadion,stadium,http://vocab.getty.edu/aat/300007271,exact match,exactMatch
5. DAI Multi Part Monuments,http://thesauri.dainst.org/_3588,Theater,theaters (buildings),http://vocab.getty.edu/aat/300007117,exact match,exactMatch
5. DAI Multi Part Monuments,http://thesauri.dainst.org/_691bba9c,Thermen,thermae,http://vocab.getty.edu/aat/300007364,exact match,exactMatch
5. DAI Multi Part Monuments,http://thesauri.dainst.org/_3701_a470a738408e250b1ed2c7c8f5ea05ac,unbekannt,<qualifiers for unknown creators not working directly with a known creator>,http://vocab.getty.edu/aat/300404267,close match,closeMatch
5. DAI Multi Part Monuments,http://thesauri.dainst.org/_2804,Villa,villas,http://vocab.getty.edu/aat/300005517,exact match,exactMatch
5. DAI Multi Part Monuments,http://thesauri.dainst.org/_41f42610,Götter,gods (dieties),http://vocab.getty.edu/aat/300343851,exact match,exactMatch
5. DAI Multi Part Monuments,http://thesauri.dainst.org/_8c4f2ca0,Kleine Gottheiten / Mythische Wesen,mythical or legendary beings,http://vocab.getty.edu/aat/300375725,close match,closeMatch
5. DAI Multi Part Monuments,http://thesauri.dainst.org/_4a1e0431,Heroen,heroes,http://vocab.getty.edu/aat/300236801,exact match,exactMatch
5. DAI Multi Part Monuments,http://thesauri.dainst.org/_d2c772a0,Menschen,people (agents),http://vocab.getty.edu/aat/300024979,exact match,exactMatch
5. DAI Multi Part Monuments,http://thesauri.dainst.org/_3637,Tiere,Animalia (kingdom),http://vocab.getty.edu/aat/300249395,close match,closeMatch
5. DAI Multi Part Monuments,http://thesauri.dainst.org/_3580,Pflanzen,Plantae (kingdom),http://vocab.getty.edu/aat/300132360,close match,closeMatch
5. DAI Multi Part Monuments,http://thesauri.dainst.org/_9279632d,Unbelebte Motive,motifs,http://vocab.getty.edu/aat/300009700,close match,closeMatch
5. DAI Multi Part Monuments,http://thesauri.dainst.org/_78c804cf,Frau,women (female humans),http://vocab.getty.edu/aat/300025943,exact match,exactMatch
5. DAI Multi Part Monuments,http://thesauri.dainst.org/_ed41a94d,Greis,elderly,http://vocab.getty.edu/aat/300025913,close match,closeMatch
5. DAI Multi Part Monuments,http://thesauri.dainst.org/_c809765f,Greisin,elderly,http://vocab.getty.edu/aat/300025913,close match,closeMatch
5. DAI Multi Part Monuments,http://thesauri.dainst.org/_f39c4219,Junge,boys,http://vocab.getty.edu/aat/300247598,exact match,exactMatch
5. DAI Multi Part Monuments,http://thesauri.dainst.org/_f60dd2eb,Kleinkind,toddlers,http://vocab.getty.edu/aat/300379598,close match,closeMatch
5. DAI Multi Part Monuments,http://thesauri.dainst.org/_4b77941b,Mädchen,girls,http://vocab.getty.edu/aat/300247581,exact match,exactMatch
5. DAI Multi Part Monuments,http://thesauri.dainst.org/_59dd53fc,Mann,male,http://vocab.getty.edu/aat/300189559,exact match,exactMatch
5. DAI Multi Part Monuments,http://thesauri.dainst.org/_2954_cf0633ec60c9cb1ff199a52e7795d97b,Barbar,people (agents),http://vocab.getty.edu/aat/300024979,broad match,broadMatch
5. DAI Multi Part Monuments,http://thesauri.dainst.org/_4846,Daker,Dacian,http://vocab.getty.edu/aat/300386020,close match,closeMatch
5. DAI Multi Part Monuments,http://thesauri.dainst.org/_cd750998,Gallier,Gallic,http://vocab.getty.edu/aat/300379855,close match,closeMatch
5. DAI Multi Part Monuments,http://thesauri.dainst.org/_57256287,Grieche,Ancient Greek (culture or style),http://vocab.getty.edu/aat/300020072,close match,closeMatch
5. DAI Multi Part Monuments,http://thesauri.dainst.org/_15d6e154,Kelte,Celtic (culture),http://vocab.getty.edu/aat/300019470,close match,closeMatch
5. DAI Multi Part Monuments,http://thesauri.dainst.org/_bc5e62c4,Negride,Ancient African,http://vocab.getty.edu/aat/300015690,close match,closeMatch
5. DAI Multi Part Monuments,http://thesauri.dainst.org/_4287,Parther,Parthian,http://vocab.getty.edu/aat/300019967,close match,closeMatch
5. DAI Multi Part Monuments,http://thesauri.dainst.org/_89ac9dc8,Perser,Persian (culture),http://vocab.getty.edu/aat/300019933,close match,closeMatch
5. DAI Multi Part Monuments,http://thesauri.dainst.org/_6583d13d,Phryger,Phrygian,http://vocab.getty.edu/aat/300019715,close match,closeMatch
5. DAI Multi Part Monuments,http://thesauri.dainst.org/_37df3a8b,Römer,Roman (ancient Italian culture or period),http://vocab.getty.edu/aat/300020533,close match,closeMatch
5. DAI Multi Part Monuments,http://thesauri.dainst.org/_243de556,Skythe,Scythian,http://vocab.getty.edu/aat/300019526,close match,closeMatch
5. DAI Multi Part Monuments,http://thesauri.dainst.org/_47d838ae,Adorant,worship,http://vocab.getty.edu/aat/300056005,broad match,broadMatch
5. DAI Multi Part Monuments,http://thesauri.dainst.org/_582686c3,Amtsträger / Magistrat,magistrates,http://vocab.getty.edu/aat/300025467,exact match,exactMatch
5. DAI Multi Part Monuments,http://thesauri.dainst.org/_3f0b446f,Athlet / Sportler,athletes,http://vocab.getty.edu/aat/300236025,exact match,exactMatch
5. DAI Multi Part Monuments,http://thesauri.dainst.org/_febd67e4,Bauer,peasants,http://vocab.getty.edu/aat/300230852,exact match,exactMatch
5. DAI Multi Part Monuments,http://thesauri.dainst.org/_ea233f0f,Dichter / Denker,poets,http://vocab.getty.edu/aat/300025513,exact match,exactMatch
5. DAI Multi Part Monuments,http://thesauri.dainst.org/_394cea56,Diener / Sklave,slaves (people),http://vocab.getty.edu/aat/300230899,exact match,exactMatch
5. DAI Multi Part Monuments,http://thesauri.dainst.org/_b48b5c16,Feldherr,generals,http://vocab.getty.edu/aat/300236762,exact match,exactMatch
5. DAI Multi Part Monuments,http://thesauri.dainst.org/_3027,Fischer,fishermen (people),http://vocab.getty.edu/aat/300025608,exact match,exactMatch
5. DAI Multi Part Monuments,http://thesauri.dainst.org/_01ef0a90,Freigelassener,people (agents),http://vocab.getty.edu/aat/300024979,broad match,broadMatch
5. DAI Multi Part Monuments,http://thesauri.dainst.org/_330d8d95,Gladiator,gladiators,http://vocab.getty.edu/aat/300258488,exact match,exactMatch
5. DAI Multi Part Monuments,http://thesauri.dainst.org/_3007,Handwerker,craftsmen,http://vocab.getty.edu/aat/300025389,exact match,exactMatch
5. DAI Multi Part Monuments,http://thesauri.dainst.org/_d9147814,Hirte,herdsmen,http://vocab.getty.edu/aat/300025615,exact match,exactMatch
5. DAI Multi Part Monuments,http://thesauri.dainst.org/_2977,Jäger,hunters (people),http://vocab.getty.edu/aat/300025619,exact match,exactMatch
5. DAI Multi Part Monuments,http://thesauri.dainst.org/_dd8719dd,Kaiser,emperors,http://vocab.getty.edu/aat/300025480,exact match,exactMatch
5. DAI Multi Part Monuments,http://thesauri.dainst.org/_518d6936,Kaiserfamilie,emperors,http://vocab.getty.edu/aat/300025480,close match,closeMatch
5. DAI Multi Part Monuments,http://thesauri.dainst.org/_518d6936,Kaiserfamilie,families,http://vocab.getty.edu/aat/300055474,close match,closeMatch
5. DAI Multi Part Monuments,http://thesauri.dainst.org/_9bfefddc,Kaisergattin,emperors,http://vocab.getty.edu/aat/300025480,close match,closeMatch
5. DAI Multi Part Monuments,http://thesauri.dainst.org/_9bfefddc,Kaisergattin,wives,http://vocab.getty.edu/aat/300154343,close match,closeMatch
5. DAI Multi Part Monuments,http://thesauri.dainst.org/_a48496de,König / Pharao,kings (people),http://vocab.getty.edu/aat/300025481,exact match,exactMatch
5. DAI Multi Part Monuments,http://thesauri.dainst.org/_a48496de,König / Pharao,pharaohs,http://vocab.getty.edu/aat/300150507,exact match,exactMatch
5. DAI Multi Part Monuments,http://thesauri.dainst.org/_4962c921,Krieger / Soldat,warriors,http://vocab.getty.edu/aat/300261945,exact match,exactMatch
5. DAI Multi Part Monuments,http://thesauri.dainst.org/_4962c921,Krieger / Soldat,soldiers,http://vocab.getty.edu/aat/300185678,exact match,exactMatch
5. DAI Multi Part Monuments,http://thesauri.dainst.org/_3fda85f8,Militäroffizier,military officers,http://vocab.getty.edu/aat/300236210,exact match,exactMatch
5. DAI Multi Part Monuments,http://thesauri.dainst.org/_f096fdb3,Opferdiener,people in religion,http://vocab.getty.edu/aat/300168457,broad match,broadMatch
5. DAI Multi Part Monuments,http://thesauri.dainst.org/_bad70e93,Philosoph,philosophers,http://vocab.getty.edu/aat/300025569,exact match,exactMatch
5. DAI Multi Part Monuments,http://thesauri.dainst.org/_77a609fb,Priester,priests,http://vocab.getty.edu/aat/300025774,exact match,exactMatch
5. DAI Multi Part Monuments,http://thesauri.dainst.org/_3017,Reiter,equestrians,http://vocab.getty.edu/aat/300188602,exact match,exactMatch
5. DAI Multi Part Monuments,http://thesauri.dainst.org/_065c3696,Schauspieler,actors (performing artists),http://vocab.getty.edu/aat/300025658,exact match,exactMatch
5. DAI Multi Part Monuments,http://thesauri.dainst.org/_2997,Wagenlenker,charioteers,http://vocab.getty.edu/aat/300380118,exact match,exactMatch
5. DAI Multi Part Monuments,http://thesauri.dainst.org/_6d2a5c23,Ehrung,honors,http://vocab.getty.edu/aat/300305463,exact match,exactMatch
5. DAI Multi Part Monuments,http://thesauri.dainst.org/_6c0bae56,Grab,burials,http://vocab.getty.edu/aat/300263485,exact match,exactMatch
5. DAI Multi Part Monuments,http://thesauri.dainst.org/_e724ef65,Grenzmal,boundary stones,http://vocab.getty.edu/aat/300006962,close match,closeMatch
5. DAI Multi Part Monuments,http://thesauri.dainst.org/_801610c0,kommemoratives Monument,commemorative sculpture,http://vocab.getty.edu/aat/300262491,broad match,broadMatch
5. DAI Multi Part Monuments,http://thesauri.dainst.org/_41a4249c,Kultbild,ritual objects,http://vocab.getty.edu/aat/300312158,broad match,broadMatch
5. DAI Multi Part Monuments,http://thesauri.dainst.org/_eac58268,öffentliche Ausstattung,equipment,http://vocab.getty.edu/aat/300122241,close match,closeMatch
5. DAI Multi Part Monuments,http://thesauri.dainst.org/_f6674384,private Ausstattung,equipment,http://vocab.getty.edu/aat/300122241,close match,closeMatch
5. DAI Multi Part Monuments,http://thesauri.dainst.org/_f6674384,private Ausstattung,privacy,http://vocab.getty.edu/aat/300056387,close match,closeMatch
5. DAI Multi Part Monuments,http://thesauri.dainst.org/_7647de4d,Stiftung,foundation (action or condition),http://vocab.getty.edu/aat/300393213,exact match,exactMatch
5. DAI Multi Part Monuments,http://thesauri.dainst.org/_c0564df8,unsicher,attribution qualifiers,http://vocab.getty.edu/aat/300404264,broad match,broadMatch
5. DAI Multi Part Monuments,http://thesauri.dainst.org/_21f298a9,Urkunde,certificates,http://vocab.getty.edu/aat/300026841,exact match,exactMatch
5. DAI Multi Part Monuments,http://thesauri.dainst.org/_a82814b1,Weihung,consecrations,http://vocab.getty.edu/aat/300069272,exact match,exactMatch
5. DAI Multi Part Monuments,http://thesauri.dainst.org/_3701_a470a738408e250b1ed2c7c8f5ea05ac,unbekannt,attribution qualifiers,http://vocab.getty.edu/aat/300404264,broad match,broadMatch
5. DAI Multi Part Monuments,http://thesauri.dainst.org/_2dcbad4a,Bauplastische Gruppe,sculpture groups,http://vocab.getty.edu/aat/300400898,broad match,broadMatch
5. DAI Multi Part Monuments,http://thesauri.dainst.org/_28f8614b,Doppelherme,herms,http://vocab.getty.edu/aat/300047170,close match,closeMatch
5. DAI Multi Part Monuments,http://thesauri.dainst.org/_5f4977a1,entrestaurierte antike Statue,statues,http://vocab.getty.edu/aat/300047600,broad match,broadMatch
5. DAI Multi Part Monuments,http://thesauri.dainst.org/_5f4977a1,entrestaurierte antike Statue,restoration (process),http://vocab.getty.edu/aat/300053742,broad match,broadMatch
5. DAI Multi Part Monuments,http://thesauri.dainst.org/_5f4977a1,entrestaurierte antike Statue,antiques (object genre),http://vocab.getty.edu/aat/300117125,broad match,broadMatch
5. DAI Multi Part Monuments,http://thesauri.dainst.org/_30dbf98d,freiplastische Gruppe,outdoor sculpture,http://vocab.getty.edu/aat/300047180,close match,closeMatch
5. DAI Multi Part Monuments,http://thesauri.dainst.org/_88c84eba,Fundgruppe,archaeological objects,http://vocab.getty.edu/aat/300234110,close match,closeMatch
5. DAI Multi Part Monuments,http://thesauri.dainst.org/_21628231,Gerätegruppe,<equipment by context>,http://vocab.getty.edu/aat/300239170,close match,closeMatch
5. DAI Multi Part Monuments,http://thesauri.dainst.org/_b27a0f63,Grabbefund / - inventar,graves,http://vocab.getty.edu/aat/300005907,broad match,broadMatch
5. DAI Multi Part Monuments,http://thesauri.dainst.org/_b27a0f63,Grabbefund / - inventar,grave goods,http://vocab.getty.edu/aat/300180706,exact match,exactMatch
5. DAI Multi Part Monuments,http://thesauri.dainst.org/_d45e2317,Hort / Depot,hoards (groupings),http://vocab.getty.edu/aat/300195474,exact match,exactMatch
5. DAI Multi Part Monuments,http://thesauri.dainst.org/_36c788fd,Modernes Pasticcio,pastiches (objects),http://vocab.getty.edu/aat/300049945,exact match,exactMatch
5. DAI Multi Part Monuments,http://thesauri.dainst.org/_464eeb21,Reihungsgruppe,series (groups),http://vocab.getty.edu/aat/300027349,broad match,broadMatch
5. DAI Multi Part Monuments,http://thesauri.dainst.org/_ff8fb536,Sammelaufnahme,series (groups),http://vocab.getty.edu/aat/300027349,broad match,broadMatch
5. DAI Multi Part Monuments,http://thesauri.dainst.org/_141f024d,Sarkophaggruppe,sarcophagi (coffins),http://vocab.getty.edu/aat/300005947,close match,closeMatch
5. DAI Multi Part Monuments,http://thesauri.dainst.org/_a23faca5,Statue(n) mit Attribut(en),statues,http://vocab.getty.edu/aat/300047600,broad match,broadMatch
5. DAI Multi Part Monuments,http://thesauri.dainst.org/_a23faca5,Statue(n) mit Attribut(en),figure-derived form attributes,http://vocab.getty.edu/aat/300263527,broad match,broadMatch
5. DAI Multi Part Monuments,http://thesauri.dainst.org/_c84577be,zufällig getrennte antike Statue,statues,http://vocab.getty.edu/aat/300047600,close match,closeMatch
5. DAI Multi Part Monuments,http://thesauri.dainst.org/_c84577be,zufällig getrennte antike Statue,detached (positional attribute),http://vocab.getty.edu/aat/300131111,broad match,broadMatch
5. DAI Multi Part Monuments,http://thesauri.dainst.org/_ff35ef13,zufällig getrenntes antikes Bauteil,architectural elements,http://vocab.getty.edu/aat/300000885,close match,closeMatch
5. DAI Multi Part Monuments,http://thesauri.dainst.org/_ff35ef13,zufällig getrenntes antikes Bauteil,detached (positional attribute),http://vocab.getty.edu/aat/300131111,broad match,broadMatch
5. DAI Multi Part Monuments,http://thesauri.dainst.org/_2917,Basen,column components,http://vocab.getty.edu/aat/300001650,broad match,broadMatch
5. DAI Multi Part Monuments,http://thesauri.dainst.org/_2917,Basen,Attic bases,http://vocab.getty.edu/aat/300001659,close match,closeMatch
5. DAI Multi Part Monuments,http://thesauri.dainst.org/_58bf0bec,Darstellungen in der Flächenkunst,decorative arts,http://vocab.getty.edu/aat/300054168,broad match,broadMatch
5. DAI Multi Part Monuments,http://thesauri.dainst.org/_18fc3bb5,Kopie(n)/Umbildung( en),pastiche copies,http://vocab.getty.edu/aat/300404073,exact match,exactMatch
5. DAI Multi Part Monuments,http://thesauri.dainst.org/_f4d61358,Original,originals (objects),http://vocab.getty.edu/aat/300015644,exact match,exactMatch
5. DAI Multi Part Monuments,http://thesauri.dainst.org/_129015a9,primär,primary (general designation),http://vocab.getty.edu/aat/300404450,exact match,exactMatch
5. DAI Multi Part Monuments,http://thesauri.dainst.org/_634bb902,sekundär,secondary (general designation),http://vocab.getty.edu/aat/300404451,exact match,exactMatch
6. DAI Topographic Objects,http://thesauri.dainst.org/_6a1cb7f0,Bergügel,hills (landforms),http://vocab.getty.edu/aat/300008777,exact match,exactMatch
6. DAI Topographic Objects,http://thesauri.dainst.org/_75f0a189,Bucht,bights (landforms),http://vocab.getty.edu/aat/300266557,exact match,exactMatch
6. DAI Topographic Objects,http://thesauri.dainst.org/_7c0ac5e8,Ebene,plains (landforms),http://vocab.getty.edu/aat/300008805,exact match,exactMatch
6. DAI Topographic Objects,http://thesauri.dainst.org/_9512c706,Fluss,rivers (bodies of water),http://vocab.getty.edu/aat/300008707,exact match,exactMatch
6. DAI Topographic Objects,http://thesauri.dainst.org/_e81afbd6,Gebirge,mountains (landforms),http://vocab.getty.edu/aat/300008795,exact match,exactMatch
6. DAI Topographic Objects,http://thesauri.dainst.org/_69b8b7c7,Grotte/Höhle,caves (landforms),http://vocab.getty.edu/aat/300008746,exact match,exactMatch
6. DAI Topographic Objects,http://thesauri.dainst.org/_65e85901,Halbinsel,peninsulas (landforms),http://vocab.getty.edu/aat/300008804,exact match,exactMatch
6. DAI Topographic Objects,http://thesauri.dainst.org/_2c39be78,Insel,islands (landforms),http://vocab.getty.edu/aat/300008791,exact match,exactMatch
6. DAI Topographic Objects,http://thesauri.dainst.org/_cac4c63f,Kap,capes (landforms),http://vocab.getty.edu/aat/300008850,exact match,exactMatch
6. DAI Topographic Objects,http://thesauri.dainst.org/_07eeaf49,Katarakt / Stromschnelle,cataract (bodies of water),http://vocab.getty.edu/aat/300008738,exact match,exactMatch
6. DAI Topographic Objects,http://thesauri.dainst.org/_5293422e,Küste,shores (landforms),http://vocab.getty.edu/aat/300008733,exact match,exactMatch
6. DAI Topographic Objects,http://thesauri.dainst.org/_dee10600,Landschaft,landscapes (environments),http://vocab.getty.edu/aat/300008626,close match,closeMatch
6. DAI Topographic Objects,http://thesauri.dainst.org/_3479,Meer,seas (bodies of water),http://vocab.getty.edu/aat/300008694,exact match,exactMatch
6. DAI Topographic Objects,http://thesauri.dainst.org/_db21f67e,Meerenge,sounds (bodies of water),http://vocab.getty.edu/aat/300266558,exact match,exactMatch
6. DAI Topographic Objects,http://thesauri.dainst.org/_ea1b1ae1,Quelle,springs (bodies of water),http://vocab.getty.edu/aat/300008697,exact match,exactMatch
6. DAI Topographic Objects,http://thesauri.dainst.org/_89128543,Schlucht,ravines (landform),http://vocab.getty.edu/aat/300008773,exact match,exactMatch
6. DAI Topographic Objects,http://thesauri.dainst.org/_efbeb559,See,lakes (bodies of water),http://vocab.getty.edu/aat/300008680,exact match,exactMatch
6. DAI Topographic Objects,http://thesauri.dainst.org/_1217b9c5,Tal,valleys (landforms),http://vocab.getty.edu/aat/300008761,exact match,exactMatch
6. DAI Topographic Objects,http://thesauri.dainst.org/_5b9f2871,Akropolis,acropolises,http://vocab.getty.edu/aat/300000700,exact match,exactMatch
6. DAI Topographic Objects,http://thesauri.dainst.org/_ebae8db5,Aquaedukt/Wasserle itung,aqueducts,http://vocab.getty.edu/aat/300006165,exact match,exactMatch
6. DAI Topographic Objects,http://thesauri.dainst.org/_fcd79027,Bahnstrecke,railroads (infrastructure),http://vocab.getty.edu/aat/300008591,exact match,exactMatch
6. DAI Topographic Objects,http://thesauri.dainst.org/_2747,Befestigung,fortifications,http://vocab.getty.edu/aat/300006888,exact match,exactMatch
6. DAI Topographic Objects,http://thesauri.dainst.org/_6b605836,cannabae,vici,http://vocab.getty.edu/aat/300000754,broad match,broadMatch
6. DAI Topographic Objects,http://thesauri.dainst.org/_2892ea94,Distrikt,districts,http://vocab.getty.edu/aat/300000705,exact match,exactMatch
6. DAI Topographic Objects,http://thesauri.dainst.org/_16fb930d,Dorf,villages,http://vocab.getty.edu/aat/300008372,exact match,exactMatch
6. DAI Topographic Objects,http://thesauri.dainst.org/_9779f311,Damm,levees,http://vocab.getty.edu/aat/300006156,exact match,exactMatch
6. DAI Topographic Objects,http://thesauri.dainst.org/_9f8dae16,Garten/Hain,grove,http://vocab.getty.edu/aat/300008884,exact match,exactMatch
6. DAI Topographic Objects,http://thesauri.dainst.org/_238f5774,Grenze/Linie,borders (boundaries),http://vocab.getty.edu/aat/300387343,exact match,exactMatch
6. DAI Topographic Objects,http://thesauri.dainst.org/_2763,Hafen,harbors,http://vocab.getty.edu/aat/300008678,exact match,exactMatch
6. DAI Topographic Objects,http://thesauri.dainst.org/_2765,Heiligtum,sanctuaries (religious building spaces),http://vocab.getty.edu/aat/300004575,exact match,exactMatch
6. DAI Topographic Objects,http://thesauri.dainst.org/_b09b4ff3,Hof/Geöft,granges (farms),http://vocab.getty.edu/aat/300045490,close match,closeMatch
6. DAI Topographic Objects,http://thesauri.dainst.org/_d6486501,Insula,insulae,http://vocab.getty.edu/aat/300000325,exact match,exactMatch
6. DAI Topographic Objects,http://thesauri.dainst.org/_7f2e8caa,Kanal,canals (waterways),http://vocab.getty.edu/aat/300006075,exact match,exactMatch
6. DAI Topographic Objects,http://thesauri.dainst.org/_97918e93,Karawanserei,caravanserais,http://vocab.getty.edu/aat/300007148,exact match,exactMatch
6. DAI Topographic Objects,http://thesauri.dainst.org/_be166ea8,Kloster,monasteries (built complexes),http://vocab.getty.edu/aat/300000641,exact match,exactMatch
6. DAI Topographic Objects,http://thesauri.dainst.org/_b0039022,Militärlager,military camps,http://vocab.getty.edu/aat/300000476,exact match,exactMatch
6. DAI Topographic Objects,http://thesauri.dainst.org/_7daaeda6,Moscheekomplex,mosques (buildings),http://vocab.getty.edu/aat/300007544,close match,closeMatch
6. DAI Topographic Objects,http://thesauri.dainst.org/_2ea5294b,Nekropole,necropolises,http://vocab.getty.edu/aat/300000372,exact match,exactMatch
6. DAI Topographic Objects,http://thesauri.dainst.org/_2778,Palast,palaces,http://vocab.getty.edu/aat/300005734,exact match,exactMatch
6. DAI Topographic Objects,http://thesauri.dainst.org/_2d40b40a,Park,parks,http://vocab.getty.edu/aat/300254248,exact match,exactMatch
6. DAI Topographic Objects,http://thesauri.dainst.org/_771507bc,Platz,plazas (squares),http://vocab.getty.edu/aat/300008214,exact match,exactMatch
6. DAI Topographic Objects,http://thesauri.dainst.org/_6557b6ca,Provinz,provinces,http://vocab.getty.edu/aat/300000774,exact match,exactMatch
6. DAI Topographic Objects,http://thesauri.dainst.org/_c2502528,Region,regions (administrative divisions),http://vocab.getty.edu/aat/300236112,close match,closeMatch
6. DAI Topographic Objects,http://thesauri.dainst.org/_202750bd,Siedlung,<settlements by condition>,http://vocab.getty.edu/aat/300008488,close match,closeMatch
6. DAI Topographic Objects,http://thesauri.dainst.org/_427d7bf1,Stadt,cities,http://vocab.getty.edu/aat/300008389,exact match,exactMatch
6. DAI Topographic Objects,http://thesauri.dainst.org/_d56a209b,Stadtviertel,quarters (districts),http://vocab.getty.edu/aat/300000762,exact match,exactMatch
6. DAI Topographic Objects,http://thesauri.dainst.org/_25141e84,Steinbruch/Bergwerk,quarries (extracting complexes),http://vocab.getty.edu/aat/300000402,exact match,exactMatch
6. DAI Topographic Objects,http://thesauri.dainst.org/_677268f5,Straße,streets,http://vocab.getty.edu/aat/300008247,exact match,exactMatch
6. DAI Topographic Objects,http://thesauri.dainst.org/_4fec39d1,Terrasse,terraces (landscaped- site elements),http://vocab.getty.edu/aat/300004182,exact match,exactMatch
6. DAI Topographic Objects,http://thesauri.dainst.org/_5a3fbdb3,Tunnel,tunnels,http://vocab.getty.edu/aat/300007899,exact match,exactMatch
6. DAI Topographic Objects,http://thesauri.dainst.org/_c32d5a5b,vicus,vici,http://vocab.getty.edu/aat/300000754,exact match,exactMatch
6. DAI Topographic Objects,http://thesauri.dainst.org/_0e298ef9,Viereckschanze,ditches,http://vocab.getty.edu/aat/300006178,broad match,broadMatch
6. DAI Topographic Objects,http://thesauri.dainst.org/_457fac51,Villa/Landgut,manors (agricultural complexes),http://vocab.getty.edu/aat/300000238,exact match,exactMatch
6. DAI Topographic Objects,http://thesauri.dainst.org/_6d70d873,natürlich,natural,http://vocab.getty.edu/aat/300219527,close match,closeMatch
6. DAI Topographic Objects,http://thesauri.dainst.org/_892d500f,anthropogen,man-made,http://vocab.getty.edu/aat/300224592,skos:closeMatch,closeMatch
