THE_TE_UID_1,THE_TE_UID_2
70476,68545
91314,68545
90975,68547
92682,68547
93004,68547
71382,68553
70747,68555
92624,68557
92625,68557
91664,68557
91721,68557
140236,68557
91782,68558
92920,68558
70776,68558
70726,68558
70803,68558
70561,68560
91868,68560
94050,68560
171301,68560
162879,68561
92259,68564
92775,68564
92919,68568
92917,68568
93478,68568
92224,68569
92225,68569
92019,68569
92134,68569
70693,68569
162571,68569
91177,68570
92246,68570
92247,68570
93295,68570
71247,68571
71250,68571
71255,68571
71749,68571
91164,68574
91057,68578
70513,68578
70744,68580
70745,68580
91987,68582
91988,68582
91653,68582
162574,68582
162575,68582
162576,68582
138835,68586
70785,68586
70786,68586
70787,68590
70620,68590
91908,68592
70862,68593
70907,68594
93209,68595
121262,68595
171246,68595
162878,68596
107173,68596
68599,68596
70863,68600
83629,68600
83630,68600
94386,68600
70691,68601
70986,68601
93186,68602
93313,68602
93314,68602
92312,68602
92403,68603
91764,68603
71119,68607
71258,68608
171276,68611
70713,68613
70729,68615
93415,68622
70853,68625
71046,68626
71062,68626
71063,68626
71064,68626
71205,68628
142991,68628
70854,68633
70482,68634
70483,68634
70673,68636
70828,68638
70829,68638
71105,68639
71106,68639
71009,68639
83990,68641
71804,68641
93409,68641
93010,68641
91779,68641
91416,68641
92076,68641
92079,68641
93743,68641
91275,68642
70964,68642
70609,68642
71103,68645
70922,68646
70489,68646
94392,68649
71150,68650
71151,68650
71291,68652
71333,68652
70735,68652
171206,68652
70749,68653
70758,68653
71066,68653
71326,68653
71327,68653
71339,68657
78232,68657
71140,68660
70506,68660
93724,68660
70732,68661
71184,68661
71204,68665
93449,68666
159153,68673
121263,68673
70942,68680
92975,68685
92978,68685
92113,68685
71240,68686
71773,68686
93517,68689
93518,68690
93519,68690
93034,68694
162975,68694
93687,68697
93992,68697
93237,68697
91562,68697
84701,68698
71601,68699
71583,68700
70478,68700
93237,68700
93235,68700
93236,68700
93232,68700
92567,68700
93855,68700
94393,68700
94407,68700
91860,68701
92027,68701
91407,68702
92537,68702
93138,68702
93139,68702
93687,68703
93686,68703
93685,68703
162965,68703
71078,68704
78874,68704
71720,68706
92169,68706
92198,68706
92031,68709
92781,68709
92791,68709
71760,68709
71650,68709
91163,68709
91157,68709
91158,68709
91090,68709
90998,68709
90999,68709
91000,68709
91001,68709
87679,68709
70494,68709
70495,68709
93813,68709
70565,68712
70567,68712
92713,68712
91483,68712
92211,68713
92212,68713
92293,68716
91638,68716
71654,68716
162966,68716
71036,68717
92456,68717
92475,68717
93385,68717
93386,68717
93084,68719
93207,68719
92825,68719
92826,68719
92828,68719
92500,68719
92355,68719
92015,68719
92016,68719
92124,68719
91263,68719
91264,68719
92551,68721
93263,68721
93651,68721
93854,68721
93373,68722
71474,68722
71161,68723
71714,68723
93383,68723
92963,68723
92964,68723
92966,68723
92303,68723
92304,68723
93854,68723
93853,68723
93855,68723
93851,68723
93679,68723
119413,68725
91652,68725
92541,68725
93379,68725
70757,68725
70813,68727
71014,68733
71679,68734
71158,68734
92956,68734
91451,68734
91648,68735
93010,68735
93011,68735
92562,68735
78268,68735
70714,68735
70630,68735
70730,68739
92501,68739
94421,68739
93189,68741
91989,68742
91650,68743
93379,68743
171297,68744
171298,68744
71121,68747
71451,68748
71148,68750
71796,68754
91241,68754
87726,68754
70708,68754
99634,68754
70722,68762
71076,68765
68761,68765
68763,68765
68764,68765
68770,68765
68772,68765
71389,68765
92590,68765
91584,68765
92188,68765
70678,68768
70679,68768
70958,68768
93743,68771
93741,68771
93742,68771
71279,68775
91865,68775
91086,68778
71452,68779
91323,68781
91705,68781
93361,68781
91427,68782
91577,68783
93494,68783
92914,68783
93805,68783
93985,68783
94089,68785
70754,68785
92593,68786
93609,68786
91906,68789
92050,68789
70931,68791
70979,68793
70997,68794
92502,68794
92974,68794
92558,68796
91155,68796
70662,68797
92918,68797
92979,68797
91654,68798
92559,68799
93032,68800
93155,68800
71176,68800
91267,68801
91254,68803
91056,68803
90327,68803
71452,68803
71733,68803
93587,68803
93490,68803
92632,68803
92751,68803
91705,68803
91853,68803
91789,68803
91790,68803
91515,68803
92207,68803
91978,68803
71259,68804
91155,68804
143004,68805
92034,68806
91711,68806
91749,68806
92853,68806
91387,68807
71732,68807
142091,68807
91230,68810
70499,68811
68849,68812
91799,68812
92732,68814
70524,68814
90916,68814
92733,68816
70530,68818
91141,68820
91142,68821
91073,68821
91009,68821
92735,68821
170992,68821
92822,68822
92954,68822
93596,68822
91706,68822
91405,68822
92264,68822
91225,68822
91159,68822
91147,68823
91149,68823
70568,68824
94415,68824
94410,68824
94099,68825
70569,68827
94380,68828
70657,68833
91381,68833
71706,68833
91482,68833
70552,68836
70553,68836
70658,68838
70801,68838
92148,68838
71249,68839
71310,68840
91382,68841
71090,68841
70659,68841
71091,68842
70770,68853
106923,68853
70832,68854
70834,68854
70835,68854
70836,68854
70837,68854
70838,68854
68982,68854
70736,68855
71095,68858
71029,68858
71032,68859
71267,68859
70855,68866
70860,68867
94380,68867
70887,68868
71038,68868
71168,68868
70818,68869
71217,68873
70889,68877
70890,68877
92440,68880
91545,68880
71038,68881
71039,68881
71168,68881
70897,68882
70898,68882
70778,68882
70929,68885
160503,68885
71048,68890
71049,68890
68902,68892
92982,68892
162729,68892
93952,68892
93720,68899
93107,68899
71131,68899
71162,68901
71435,68901
94410,68904
94414,68904
94166,68904
70529,68907
70737,68908
70709,68908
70710,68908
68912,68911
68913,68911
71214,68911
70707,68915
70556,68916
91138,68916
93601,68916
91485,68916
70846,68917
91116,68923
91250,68924
91318,68924
69349,68924
92651,68924
70588,68925
92063,68926
93705,68926
93706,68926
70927,68927
70928,68927
70980,68928
70752,68928
91115,68928
71337,68928
71651,68928
71727,68928
71576,68928
92403,68928
91464,68928
91855,68928
92674,68928
92558,68928
93060,68928
93951,68928
93950,68928
130153,68928
164132,68928
70580,68932
70581,68932
70649,68933
68937,68933
91349,68933
91350,68933
91351,68933
93131,68933
93812,68933
93459,68934
91700,68934
91701,68934
92665,68935
68938,68939
68941,68942
68936,68942
93866,68943
70759,68944
70755,68947
70756,68947
91645,68947
92675,68948
92541,68948
71067,68948
93190,68950
70982,68951
71044,68952
92743,68952
92462,68952
92489,68952
92200,68952
91626,68954
92631,68954
71403,68954
71211,68957
93158,68957
162956,68957
93589,68959
93592,68959
71307,68959
91339,68959
91340,68959
93602,68960
70572,68961
70988,68964
70990,68964
90980,68969
71400,68969
92685,68969
93008,68969
92293,68969
92107,68971
92108,68971
92109,68971
91900,68971
92858,68971
71777,68971
87695,68971
71804,68973
70962,68973
92675,68973
92674,68973
91779,68973
71203,68975
171340,68975
71226,68976
70940,68977
70666,68977
68992,68977
140224,68977
70840,68981
70991,68986
71319,68987
71050,68988
71109,68990
71234,68994
70878,68996
71108,68998
68993,68998
71024,68999
70996,69001
71147,69001
71400,69001
99966,69002
99965,69004
99964,69005
71256,69005
71260,69006
71261,69006
91187,69008
93403,69010
91981,69012
91249,69012
91051,69012
91080,69013
70880,69013
91893,69013
93294,69013
93732,69013
93772,69015
92852,69015
92082,69018
93249,69020
92162,69022
93464,69023
71022,69024
71069,69024
71122,69032
71027,69033
92072,69037
94008,69038
100194,69041
71315,69044
71314,69046
90993,69048
93499,69048
162713,69048
91015,69049
70487,69049
91217,69052
94396,69056
162986,69063
78192,69063
93054,69068
162955,69068
170110,69070
92159,69071
71246,69072
93347,69073
93348,69073
93444,69077
71297,69079
70555,69081
70694,69084
71141,69086
70917,69088
91215,69088
70916,69091
92126,69091
92128,69092
93165,69092
91190,69092
71163,69093
70820,69093
70674,69093
92533,69093
69437,69094
91568,69097
162952,69097
91524,69098
91787,69099
92635,69099
93368,69099
70807,69099
87472,69100
93500,69100
91803,69100
92802,69101
78148,69101
70849,69101
71107,69101
92797,69104
92798,69105
92374,69108
92799,69109
71007,69109
71012,69110
71013,69110
71112,69111
70987,69112
70549,69115
69300,69116
92801,69116
93451,69117
92543,69118
91900,69118
87810,69118
94395,69118
91273,69121
91471,69122
91473,69122
91602,69124
91732,69125
70798,69125
91253,69128
91229,69128
92409,69133
91950,69133
91945,69133
93360,69133
93485,69138
70528,69138
91202,69140
91203,69140
91344,69141
91441,69144
91411,69144
70725,69146
87662,69149
162982,69149
70923,69150
70937,69152
70938,69152
69151,69152
94052,69156
100542,69156
71128,69157
78195,69157
71129,69158
92877,69159
71153,69161
71060,69162
71224,69165
71228,69167
71230,69167
140087,69167
170899,69168
92054,69175
91048,69176
143537,69176
70584,69179
70585,69180
70586,69180
70587,69180
91214,69180
92315,69183
92316,69183
103873,69184
70995,69200
71015,69203
91800,69203
70634,69204
91325,69204
94185,69204
170852,69206
92391,69210
91221,69211
91266,69212
70650,69215
91380,69216
91076,69218
71037,69218
92459,69218
92460,69218
91599,69218
93355,69218
93390,69221
92411,69221
92412,69221
92013,69221
93374,69222
93375,69222
83350,69222
87657,69223
87661,69223
93603,69223
93426,69225
92011,69225
92012,69225
70883,69225
71005,69236
71008,69237
69243,69244
91070,69245
84617,69245
93352,69245
93140,69245
91845,69247
71154,69247
69248,69247
91299,69252
70633,69254
92457,69259
93439,69259
92816,69259
71003,69263
93135,69266
69269,69268
69293,69271
69294,69271
93357,69271
92461,69271
91622,69271
93356,69272
92042,69274
71020,69274
93695,69274
130373,69278
69282,69283
87824,69288
71257,69288
71266,69292
162893,69292
162895,69292
71281,69297
93427,69297
71338,69301
71273,69302
93381,69302
91505,69307
92069,69313
91512,69317
91894,69317
71294,69317
129042,69317
129038,69317
129039,69317
93848,69318
163052,69319
87648,69320
70900,69321
70901,69321
70902,69321
92047,69321
93652,69321
93781,69321
71237,69323
71274,69326
94403,69326
94403,69328
94422,69328
94423,69328
129040,69328
71472,69332
93256,69332
70486,69333
71081,69337
92890,69340
92638,69343
71555,69343
93819,69343
162876,69346
71083,69347
70802,69356
87676,69357
92344,69362
91738,69362
92105,69365
87466,69365
162979,69365
162980,69365
70913,69366
70911,69367
70992,69369
70822,69369
70823,69369
87476,69369
91839,69369
91840,69369
91786,69370
92638,69370
93040,69370
87804,69370
71280,69373
71212,69375
71575,69377
97184,69377
94015,69377
130013,69378
93801,69380
170050,69385
91539,69386
92546,69389
71821,69389
92159,69392
91238,69400
71288,69401
92234,69401
71287,69402
91197,69404
91198,69404
91199,69404
91200,69404
91201,69404
93489,69406
93450,69409
92283,69410
129041,69414
93332,69418
93477,69420
93380,69420
93376,69420
91146,69420
93837,69421
93839,69421
93797,69422
93417,69422
91621,69422
91801,69422
91838,69422
93571,69426
91119,69427
91474,69431
91571,69435
91874,69435
92930,69435
91324,69435
93819,69435
93865,69439
91222,69439
93042,69439
92202,69440
91691,69450
91738,69451
91742,69451
91743,69451
91746,69451
91748,69451
91749,69451
87804,69451
87684,69452
71837,69452
91777,69452
91756,69453
91757,69453
91758,69453
91760,69453
91753,69453
91754,69453
70951,69456
166983,69456
171231,69456
92482,69459
171235,69461
70831,69464
71183,69465
93258,69466
93349,69468
92387,69469
87678,69469
87771,69469
87820,69469
86504,69470
93799,69470
93785,69660
99593,69715
99594,69715
71152,69715
91269,69715
91584,69715
91582,69715
70554,69929
91223,69935
162974,69936
91475,69938
91841,69938
92911,69938
92912,69938
70716,69939
163054,69939
162994,69939
162992,69939
162993,69939
92721,69941
93483,69941
91596,69941
91877,69942
91668,69944
92002,69944
93402,69944
92892,69946
92847,69946
74792,69946
71089,69952
93063,69952
92067,69954
93457,69957
93550,69957
93553,69957
92949,69957
70503,69962
91035,69962
162832,69962
169931,69963
91137,69964
91170,69965
70573,69965
70575,69965
91503,69965
91613,69967
91666,69967
92106,69967
92016,69967
92828,69967
92590,69967
93486,69967
70685,69967
70686,69967
69972,69967
91158,69967
91163,69967
71583,69967
71654,69967
71655,69967
71650,69967
71714,69967
93741,69967
93685,69967
122502,69968
70684,69970
93098,69973
92026,69973
91726,69973
91878,69973
91826,69973
93998,69973
94186,69973
92686,69975
70661,69975
70578,69975
70537,69975
91391,69975
91392,69975
70663,69978
70664,69978
70696,69980
71017,69980
90977,69980
92768,69980
93005,69980
91614,69980
91589,69980
92038,69980
92039,69980
93686,69980
71420,69987
70761,69987
70762,69987
70764,69987
70765,69987
70766,69987
70767,69987
70769,69987
69989,69987
70627,69990
92557,69990
70706,69992
70771,69994
94046,69998
162962,69998
70983,70000
70959,70000
71021,70000
70557,70000
70559,70000
70066,70003
70067,70003
70067,70004
70066,70004
70819,70006
70013,70008
71213,70010
71220,70010
94022,70010
70013,70011
70013,70014
70013,70015
70013,70016
71277,70017
70022,70018
70665,70018
71002,70018
94022,70018
99653,70024
70652,70026
70653,70026
70697,70029
70985,70031
162852,70033
70868,70035
70023,70036
142072,70040
70557,70044
70066,70046
70067,70046
70073,70046
70067,70047
70066,70047
94017,70049
70671,70053
70672,70053
70625,70053
70866,70053
70925,70053
71101,70053
91310,70053
91416,70053
71277,70054
71220,70054
70560,70054
71318,70056
70059,70057
71320,70058
69983,70061
69984,70061
69989,70061
162953,70061
167864,70063
93048,70063
93049,70063
70624,70064
70680,70064
70681,70064
70682,70064
70683,70064
71073,70064
70742,70064
99654,70068
99656,70069
91360,70070
91233,70070
70702,70071
70703,70071
91666,70078
92004,70083
92469,70083
71358,70083
70960,70085
97476,70087
159205,70088
71087,70089
92879,70092
92880,70092
93095,70092
71395,70093
94391,70093
91118,70094
99671,70096
70957,70097
70999,70100
71000,70100
71001,70100
70817,70100
93226,70102
93227,70102
93050,70107
99560,70107
167863,70107
171223,70109
170903,70110
170904,70110
170905,70110
99655,70113
159201,70114
90981,70116
70784,70117
70738,70119
71085,70119
70669,70119
70704,70120
70616,70120
70576,70120
70540,70120
70535,70120
70525,70120
70717,70120
70894,70120
90977,70120
90978,70120
90980,70120
90979,70120
90975,70120
90976,70120
71301,70120
71233,70120
71170,70120
71655,70120
93581,70120
92348,70120
91912,70120
91614,70120
91613,70120
92413,70122
92417,70123
70667,70124
142003,70124
91102,70125
91175,70126
91522,70129
92118,70130
92991,70131
70669,70134
70738,70134
70535,70135
70536,70135
70616,70137
70881,70138
91990,70138
70910,70139
70895,70140
92039,70140
92040,70140
92038,70140
92666,70144
70773,70145
70774,70145
70654,70150
70127,70150
70669,70152
70738,70152
71648,70152
71772,70152
92682,70152
92683,70152
92684,70152
92686,70152
92685,70152
70536,70153
70537,70153
70540,70153
70541,70153
70538,70153
70539,70153
70535,70153
70525,70153
70526,70153
70576,70154
70578,70154
70577,70154
70579,70154
70591,70155
91234,70155
91235,70155
70655,70156
70656,70156
70704,70157
70705,70157
70717,70158
70718,70158
91520,70158
70910,70159
70921,70160
92140,70160
92990,70161
71170,70161
71171,70161
71233,70162
71301,70163
71302,70163
93581,70163
93583,70163
71316,70164
71097,70165
70738,70165
70669,70165
92768,70165
142003,70165
70535,70166
70538,70166
70536,70166
70579,70167
70577,70167
70576,70167
70704,70168
70705,70168
70718,70169
70717,70169
91520,70169
70800,70170
70894,70171
151268,70171
71171,70172
92990,70172
71263,70173
92986,70174
92415,70175
92416,70175
70728,70175
70978,70175
92419,70176
91912,70177
91613,70177
91614,70177
93005,70177
93006,70177
93004,70177
93007,70177
93008,70177
93009,70177
70921,70177
70718,70177
70705,70177
70800,70177
70910,70177
70881,70177
70655,70177
70578,70177
70579,70177
70537,70177
70538,70177
70539,70177
70541,70177
70526,70177
71263,70177
71171,70177
71316,70177
71302,70177
71655,70177
91392,70177
70200,70178
70201,70179
71135,70180
71225,70181
71086,70185
71079,70185
71116,70185
71072,70185
71056,70185
93225,70185
71282,70188
71269,70190
71028,70190
71030,70190
71031,70190
70731,70190
99671,70190
94017,70191
70893,70192
92390,70195
97476,70196
71298,70198
93792,70202
141992,70202
141248,70203
70955,70203
70961,70203
70479,70205
162712,70207
160507,70209
70480,70209
140322,70212
140182,70212
140183,70212
70614,70214
70615,70214
91288,70214
90976,70214
92683,70214
93488,70215
122503,70216
90962,70219
70675,70223
93666,70225
152509,70228
70953,70229
71633,70229
92483,70232
164119,70232
70844,70237
70845,70237
70919,70239
71192,70240
71186,70241
71043,70241
91743,70241
93409,70241
91501,70243
70246,70245
70944,70247
71194,70247
71592,70249
140194,70249
91311,70256
70626,70256
92792,70256
70651,70259
91369,70259
71735,70259
71553,70260
91372,70260
91373,70260
70971,70263
70972,70263
71094,70263
70481,70264
91252,70264
78316,70264
71209,70264
70811,70266
70812,70266
162854,70266
171339,70267
159173,70268
92844,70268
71308,70269
71231,70270
78489,70270
70743,70270
70619,70270
92154,70277
92163,70277
91507,70278
93321,70278
71305,70281
71306,70282
71221,70283
70932,70283
70934,70283
92167,70283
92168,70283
70643,70288
70644,70288
70645,70288
71837,70288
91340,70288
91339,70288
70515,70309
68772,70309
68763,70309
68761,70309
68764,70311
71088,70315
70597,70323
70598,70323
70599,70323
70600,70323
70602,70331
70603,70331
70604,70331
70605,70331
70592,70331
92560,70331
121273,70331
91754,70332
70892,70336
93600,70341
91775,70342
91493,70342
93742,70342
93102,70343
171288,70345
71750,70349
91538,70350
91533,70350
70783,70352
70907,70354
70841,70354
70470,70354
141997,70354
70511,70355
70779,70355
140397,70361
140398,70361
140397,70362
71201,70364
71621,70370
92056,70370
91756,70371
92684,70371
93006,70371
71706,70371
90978,70371
87810,70371
69983,70371
69972,70371
90979,70372
91381,70372
71648,70372
93007,70372
91757,70372
92106,70372
92040,70372
171207,70372
70739,70374
70740,70374
164121,70375
164123,70375
70791,70376
71047,70378
70471,70378
70472,70379
70473,70380
71092,70382
71093,70382
70734,70382
164002,70382
159172,70384
94212,70384
70666,70384
70665,70384
71276,70390
170853,70392
70740,70396
71142,70398
68993,70401
68992,70401
68982,70401
171341,70403
171342,70403
171343,70403
171344,70403
71786,70405
92025,70405
92667,70405
171345,70407
171346,70407
171347,70407
171349,70407
171350,70407
171351,70407
171352,70407
170900,70409
103874,70410
171337,70412
71264,70412
71265,70412
70474,70412
70760,70412
71727,70413
71555,70413
91273,70413
93398,70413
91760,70413
170841,70414
91367,70417
92436,70419
91746,70422
140298,70425
93799,70426
91748,70426
93009,70426
70853,70426
69984,70426
71299,70428
93832,70428
93398,70429
91804,70429
91633,70430
91331,70432
91061,70432
91062,70432
70289,70432
70647,70432
91150,70433
91152,70433
162978,70436
70804,70441
70805,70441
91785,70441
70806,70443
70874,70445
70875,70445
70871,70445
70872,70445
70794,70445
91972,70445
94325,70445
93342,70449
91162,70449
71174,70450
71175,70450
71707,70450
93037,70450
93038,70450
91742,70454
93291,70458
71243,70459
71207,70460
70715,70460
70794,70462
91818,70462
171334,70462
93404,70465
92538,70465
71332,70466
71691,70466
93775,70466
93769,70466
93770,70466
162877,70467
71208,70467
92837,70467
70491,70488
70536,70490
70577,70490
92990,70490
93583,70490
91520,70490
91990,70490
92140,70490
70497,70498
91289,70566
91251,70595
91806,70612
70636,70635
69145,70720
91324,70720
91573,70720
91571,70720
91568,70720
91569,70720
92930,70720
140085,70720
68616,70741
70444,70810
91915,70810
97259,70810
70872,70873
70875,70873
70874,70873
71011,70905
93950,70905
93951,70905
162983,70918
68562,70918
93328,70920
162572,70920
70942,70943
83211,70943
71772,70976
93323,70976
93235,70976
92963,70976
92966,70976
93011,70976
91912,70976
93851,70976
70613,70981
140771,70998
169969,70998
92476,71041
92301,71054
92509,71054
93178,71054
71479,71054
142002,71099
171336,71132
92889,71132
91424,71182
71181,71182
92513,71191
70246,71193
69169,71202
69169,71229
143177,71229
91796,71278
93448,71283
91488,71311
70307,71324
91014,71324
91011,71324
93963,71324
93710,71324
93761,71359
93863,71359
162714,71359
87824,71359
91272,71359
71542,71359
71691,71359
71764,71359
91758,71359
92442,71359
93054,71359
93292,71359
91144,71361
93560,71365
93674,71366
93648,71366
91268,71367
91265,71367
68551,71367
93871,71367
93874,71367
151891,71367
78269,71372
70218,71373
92881,71373
93446,71374
93431,71374
93487,71374
91410,71374
71370,71374
87716,71374
91356,71377
91366,71377
71738,71377
92698,71377
93700,71377
93701,71377
92507,71378
91336,71378
68953,71378
87504,71379
92287,71379
91898,71379
92652,71379
93232,71379
93786,71381
71605,71384
146332,71390
71611,71391
91688,71391
91634,71391
69030,71392
93331,71394
92574,71394
93566,71398
91868,71398
91872,71398
91873,71398
92090,71398
92091,71398
92064,71398
92065,71398
92066,71398
92075,71398
71748,71398
92079,71405
92339,71409
68968,71409
70446,71413
91007,71415
91888,71415
92778,71415
99592,71415
93509,71417
92477,71421
70772,71421
71488,71422
93343,71422
71397,71423
71537,71423
68550,71423
93340,71425
93236,71428
93127,71428
92367,71432
90954,71432
93875,71433
93877,71433
91242,71434
92028,71434
91734,71434
91649,71434
91525,71441
92793,71441
93283,71443
93284,71443
93124,71444
91715,71444
91060,71444
93876,71444
99646,71444
93948,71455
93691,71455
91643,71455
91829,71455
91486,71455
91487,71455
91484,71455
91647,71455
91632,71455
93230,71455
93634,71455
92855,71455
93018,71455
92965,71455
92962,71455
92714,71455
93087,71458
102992,71463
103012,71463
92152,71473
92155,71473
91216,71473
93278,71477
91573,71483
91161,71483
78332,71483
70843,71483
93820,71483
87498,71484
91815,71484
91816,71484
92941,71486
93416,71490
93545,71492
93022,71492
93551,71494
92210,71497
93083,71498
68956,71498
91280,71500
93052,71500
93055,71500
93218,71500
93579,71500
93580,71500
92654,71500
92629,71500
92377,71500
92458,71500
91805,71500
91534,71500
93850,71500
93729,71501
93726,71501
93727,71501
92252,71503
93130,71503
71625,71503
71461,71503
92149,71504
91824,71504
91725,71504
91058,71508
70447,71511
71034,71511
93125,71511
92745,71511
129044,71511
92449,71513
91105,71514
91106,71514
171392,71514
171393,71514
91008,71515
91911,71515
91635,71515
92980,71515
92931,71516
92659,71516
92664,71516
92630,71516
93093,71516
93428,71516
91572,71516
91535,71516
91903,71516
92352,71516
92353,71516
68929,71518
93798,71519
142996,71528
71631,71528
91810,71528
91776,71529
93272,71529
92746,71531
71646,71531
92790,71533
91210,71534
147253,71534
147254,71534
93363,71535
93191,71535
93393,71535
92001,71535
93454,71540
163219,71540
93736,71545
93177,71546
92269,71546
70974,71546
70970,71546
69934,71554
91130,71554
91131,71554
71710,71558
92398,71568
91609,71568
93112,71568
93310,71572
91866,71572
92481,71572
92369,71572
91940,71572
91129,71572
91089,71572
91303,71572
93565,71573
91365,71577
91271,71579
71728,71579
92637,71579
92627,71579
92628,71579
92571,71579
92375,71579
92209,71579
91870,71579
91901,71579
91902,71579
93862,71579
91395,71582
92335,71585
93467,71585
92337,71587
92338,71587
94178,71587
91419,71588
91227,71591
163021,71596
93735,71597
71601,71599
93024,71602
93668,71603
93240,71603
93241,71603
71662,71603
94005,71603
94007,71603
91774,71617
92425,71620
92439,71627
92037,71627
91727,71627
91728,71627
91729,71627
91468,71627
91605,71627
93246,71627
93273,71627
93025,71627
93051,71627
92603,71627
92530,71627
92759,71627
92763,71627
92764,71627
92693,71627
92729,71627
91039,71627
87722,71627
87686,71627
94053,71627
91326,71632
91828,71636
94359,71637
91394,71638
91396,71639
91603,71639
92385,71639
92669,71639
92600,71639
93273,71639
93164,71639
91037,71639
91134,71639
162994,71642
87935,71647
93322,71652
92771,71653
92170,71658
91631,71658
91657,71658
91562,71659
91429,71659
91049,71659
91207,71661
87738,71666
92123,71666
163055,71666
93744,71671
93788,71671
93804,71671
93942,71671
92136,71671
92008,71671
92361,71671
92254,71671
91574,71671
91689,71671
92727,71671
92812,71671
92814,71671
92864,71671
92873,71671
93247,71671
93161,71671
93636,71671
90994,71671
92565,71673
92566,71673
92568,71673
92569,71673
92570,71673
92032,71673
92033,71673
91861,71675
163013,71675
92479,71677
92422,71677
87728,71677
87729,71677
91211,71681
92487,71683
92132,71685
92850,71685
92972,71685
93238,71687
91937,71687
91565,71687
90984,71687
91077,71687
162720,71687
91465,71688
91390,71688
93367,71688
92937,71688
92967,71690
93316,71690
93460,71695
92115,71695
91956,71701
93339,71705
93206,71705
92679,71705
91083,71705
93891,71705
93856,71705
93858,71705
93860,71705
93760,71708
162953,71708
92857,71708
92146,71708
91750,71708
93803,71709
91333,71712
93434,71724
141992,71724
93646,71726
92183,71729
92388,71740
92531,71740
69436,71740
69202,71740
71551,71741
91723,71741
91713,71741
162639,71746
91435,71751
92909,71754
91463,71755
91619,71755
93482,71756
91194,71756
93843,71757
99562,71761
91562,71762
93665,71768
93027,71768
77322,71768
142996,71768
93026,71775
93864,71781
143576,71785
121253,71785
92468,71793
92266,71808
87512,71808
91054,71808
92001,71809
93363,71809
92490,71811
71625,71812
93315,71813
93358,71815
93359,71815
93436,71815
93432,71815
69295,71815
70583,71815
92525,71816
92498,71816
94416,71817
94167,71817
94102,71817
94103,71817
94098,71817
170991,71818
93244,71825
91135,71825
91136,71825
91133,71825
87526,71826
93585,71827
91802,71827
92219,71828
87520,71829
94010,71829
93936,71829
100219,71830
94045,71833
91580,71833
71858,71834
87941,71834
92357,71835
93183,71835
92606,71835
162991,71835
99540,71859
92953,71859
99557,71860
99558,71860
92821,71862
93221,71862
92993,74805
87709,74805
93681,75519
93682,75519
111473,76351
119033,76689
163056,76689
69460,76689
92517,76689
92350,77163
78160,78143
78157,78156
171335,78156
78159,78158
78190,78189
69344,78209
78212,78211
121264,78213
68813,78227
91567,78797
92650,78797
93707,78852
91063,78872
91064,78872
91693,82817
92318,82817
111573,82940
140352,83169
94181,83212
83248,83212
83570,83569
92959,83569
93827,83569
82760,83581
83625,83624
83989,84110
91934,84599
171353,86499
70942,87136
69286,87137
93836,87137
91765,87144
92897,87144
94416,87145
94415,87145
94409,87145
94412,87145
91627,87457
91628,87457
71536,87457
69372,87459
92730,87460
92744,87460
93188,87460
170057,87460
167320,87467
93935,87511
87500,87511
100513,87554
160337,87650
91232,87656
93091,87672
91946,87689
91949,87689
162883,87705
119373,87721
91332,87743
68677,87746
69413,87776
71219,87776
91780,87776
93171,87776
93562,87798
93960,87801
91020,87802
91012,87802
91112,87808
92547,87808
91399,87808
170990,87813
94819,87817
93749,87827
91542,87827
92208,87917
92394,87918
93990,87919
92076,87924
91958,87927
91541,87928
91428,87929
93035,87934
91808,87938
93997,87938
92099,87940
151467,87943
87146,87945
91747,88199
92922,88199
92524,88215
93530,88215
93531,88215
93108,88215
92184,88215
91562,88556
92535,88556
92961,90115
91638,90115
91024,90115
91263,90116
92251,90116
92124,90116
103875,90197
87771,90198
87678,90198
71800,90199
92201,90214
87708,90291
91208,90322
91884,90322
92875,90322
92676,90322
92678,90322
93849,90322
71672,90421
87748,90519
103973,90949
93387,90987
164181,90990
91625,91006
167067,91013
91029,91030
91385,91041
100535,91041
100536,91041
91766,91045
91404,91046
92275,91046
91283,91059
92731,91068
119513,91082
162976,91085
71570,91085
91096,91095
91100,91099
70141,91101
91110,91104
91121,91120
91128,91127
91129,91127
92888,91127
91151,91156
91236,91180
84616,91180
93661,91180
100219,91184
141989,91193
91397,91220
93476,91228
71552,91228
68847,91237
91999,91239
91247,91246
91248,91246
162971,91259
162972,91259
162973,91259
69054,91279
70610,91279
91284,91285
80443,91285
162977,91285
100544,91292
91291,91292
83352,91296
93524,91296
93067,91296
93069,91296
94326,91296
93502,91322
92199,91322
91317,91322
70258,91322
70230,91335
91345,91346
92174,91348
91793,91352
93543,91352
164124,91354
167068,91355
94088,91370
93616,91383
142091,91386
91616,91389
91408,91409
91420,91418
91421,91418
91422,91418
71544,91430
92497,91450
92947,91452
133573,91455
91606,91476
91480,91477
92371,91490
151892,91497
162955,91498
93703,91509
92057,91509
92427,91511
93869,91511
83243,91516
69405,91516
94085,91526
146399,91528
146400,91528
146401,91528
146402,91528
70418,91528
91527,91528
159129,91532
159130,91532
82893,91540
163012,91548
91551,91550
91566,91563
92297,91563
93029,91563
93669,91563
92438,91579
71074,91581
71077,91583
91587,91585
93013,91585
133673,91598
93354,91600
91448,91656
92189,91656
68552,91656
70628,91656
70629,91656
71470,91656
71438,91656
71407,91656
71360,91656
91304,91656
91255,91656
171199,91656
91671,91672
90974,91680
91687,91686
71570,91696
92366,91702
92539,91770
91167,91783
93552,91788
93554,91788
162988,91788
93472,91792
91067,91792
70794,91817
91431,91827
71075,91833
93059,91836
92237,91849
91874,91867
91437,91881
94126,91881
91018,91883
91886,91885
92808,91891
92809,91892
93473,91905
100201,91905
91113,91914
91920,91919
163240,91919
71570,91935
91943,91942
92187,91944
93690,91944
93210,91947
140130,91953
91965,91964
84229,91971
91975,91973
91977,91982
92035,92007
92117,92007
91899,92009
92839,92009
92840,92009
92633,92009
162964,92010
92021,92023
92024,92023
92022,92023
92420,92023
92044,92043
93678,92049
91308,92081
92084,92086
92085,92086
162981,92100
86505,92102
86506,92102
86507,92102
86508,92102
91850,92112
91851,92112
93733,92112
92133,92130
92131,92130
92147,92145
92308,92145
92045,92153
91491,92157
140103,92158
92161,92160
92172,92175
141449,92180
167089,92180
143496,92203
92376,92204
91761,92215
93341,92215
92586,92215
92588,92215
92770,92215
90117,92215
92894,92228
93556,92230
93535,92230
93537,92230
92231,92230
91188,92233
162875,92263
93802,92267
70969,92267
92119,92267
92121,92267
91559,92267
163022,92268
92277,92276
93991,92279
93437,92282
92572,92282
91864,92289
163014,92289
163014,92291
159330,92291
92591,92291
92414,92296
92036,92310
93481,92310
92317,92313
69351,92319
94003,92319
92330,92332
92331,92332
92333,92334
92329,92334
93239,92354
93353,92358
93645,92358
92305,92358
92379,92358
91928,92358
91462,92358
68718,92358
71134,92358
99536,92358
84701,92359
93033,92362
92471,92363
93199,92372
93208,92423
93205,92423
92431,92430
92824,92433
92656,92437
92435,92437
78883,92437
91848,92447
93146,92447
93147,92447
91546,92448
163239,92448
162954,92453
93959,92453
93939,92453
91669,92453
71035,92453
93187,92463
93345,92465
92205,92467
93366,92472
91143,92472
87767,92486
92510,92511
129033,92516
93204,92553
92450,92553
91224,92553
92526,92581
92580,92581
92518,92583
91968,92585
91166,92585
91313,92585
93807,92585
92773,92587
99545,92602
162987,92602
92608,92607
91019,92610
92613,92611
92094,92611
92095,92611
92165,92611
71764,92616
91081,92617
91074,92617
92615,92617
92618,92617
93120,92617
159328,92617
159329,92617
97184,92640
91569,92640
71789,92640
92644,92647
87761,92648
92681,92680
91026,92690
92692,92691
99541,92691
93702,92700
91358,92700
90985,92722
92717,92722
92719,92722
92720,92722
92620,92722
94090,92739
92173,92741
92454,92741
91212,92741
92748,92750
91812,92760
91604,92762
92761,92762
92599,92762
92601,92762
87734,92762
70105,92762
70106,92762
93795,92762
146358,92762
91097,92767
92688,92769
92946,92769
93233,92772
71680,92772
91716,92783
93324,92804
92807,92806
93983,92818
91469,92819
91456,92823
92017,92827
92829,92827
100202,92833
92841,92842
162573,92843
78878,92849
159221,92856
92306,92861
92871,92872
92000,92884
91830,92913
69246,92924
91499,92929
92935,92934
90993,92970
164174,92994
99546,92997
70112,93014
92906,93020
92985,93020
93468,93020
93469,93020
91433,93020
91564,93020
92226,93020
92227,93020
92340,93030
92365,93030
93031,93030
92868,93030
92734,93030
92619,93030
92609,93030
68711,93030
70531,93030
70532,93030
70533,93030
70534,93030
91091,93030
71730,93030
94166,93066
103132,93066
103133,93066
103134,93066
91843,93072
93408,93077
70231,93079
93160,93081
93086,93089
167067,93090
93407,93103
71570,93104
78239,93121
93134,93133
91624,93141
167067,93153
91393,93162
84112,93166
71026,93194
71426,93211
93212,93211
93217,93211
87777,93220
99563,93224
110573,93260
93202,93260
93203,93260
92552,93260
91755,93260
92738,93261
93288,93264
92241,93266
92179,93266
103152,93266
100230,93266
167089,93266
91876,93269
171205,93271
93137,93281
70427,93281
162813,93285
163866,93286
93715,93286
91072,93286
91293,93286
71669,93286
92737,93286
91406,93286
167865,93298
167866,93299
167856,93299
100225,93335
91857,93337
91858,93337
93336,93337
92186,93338
93369,93370
90991,93370
90992,93370
68809,93370
71727,93397
92278,93397
100537,93399
119433,93399
93412,93413
93401,93414
169966,93438
92493,93441
91084,93456
71704,93463
91762,93470
91710,93470
93718,93470
93719,93470
94394,93470
99564,93475
99565,93475
74788,93475
93497,93498
71792,93510
92976,93514
93520,93516
71570,93525
93513,93527
91554,93527
91555,93527
91556,93527
91557,93527
94172,93527
92418,93529
91962,93533
162993,93534
94063,93542
91021,93542
93892,93544
91388,93569
87399,93574
70132,93582
93584,93582
91519,93588
92129,93588
92395,93588
92382,93588
84597,93588
83249,93588
93591,93590
91098,93595
92239,93598
147254,93598
147253,93598
147251,93598
147252,93598
93597,93599
92655,93608
92658,93608
91544,93608
71312,93612
93615,93619
110053,93619
110054,93619
93620,93621
93629,93628
91103,93642
93649,93673
93676,93677
99661,93683
93688,93684
93274,93684
91615,93684
93593,93693
93655,93696
93656,93696
91274,93696
93697,93696
93728,93696
93711,93708
93717,93716
93461,93734
91591,93746
71711,93746
93747,93746
93757,93758
162957,93758
93778,93764
93999,93764
93092,93764
93766,93767
167067,93774
93783,93784
94061,93787
94062,93787
94177,93787
171198,93800
93937,93811
171203,93818
92274,93818
70911,93818
107473,93823
93195,93830
99589,93831
99590,93831
92940,93838
95898,93841
93861,93859
93808,93868
93501,93868
91192,93868
93971,93881
93972,93881
99592,93881
70521,93887
93933,93932
93941,93940
93944,93943
93946,93945
93955,93954
93982,93981
140091,93988
94012,94001
91768,94009
94021,94020
94048,94047
103072,94047
94056,94055
171354,94083
171355,94083
94094,94093
93853,94093
92342,94093
92523,94093
97272,94122
97273,94122
94368,94150
94369,94150
164179,94173
167063,94175
162716,94190
94191,94190
94192,94190
94193,94190
94194,94190
94195,94190
94196,94190
94197,94190
94198,94190
94199,94190
94200,94190
122495,94190
122496,94190
122497,94190
122498,94190
122501,94190
122504,94205
93387,94205
122505,94206
122517,94206
94207,94206
94208,94206
94210,94209
94211,94209
122513,94209
122506,94209
122507,94209
122508,94209
122509,94209
94348,94213
121373,94214
91502,94214
69390,94214
70695,94214
70869,94214
70870,94214
167322,94357
167067,94358
160385,94361
94820,94363
94821,94363
94377,94366
94376,94367
94375,94371
94373,94372
94374,94372
162759,94397
162985,94404
162756,94405
162757,94405
162758,94405
143011,94418
97127,97260
97266,97265
97267,97265
167309,97271
97275,97274
78151,97276
70792,97280
69003,97280
95052,97280
92738,97461
122519,97483
146349,99538
160354,99538
93793,99542
93794,99542
99548,99547
99549,99547
162987,99559
143383,99577
99583,99582
93643,99596
99553,99657
93290,99658
99556,99659
99554,99660
92029,99660
94120,99670
100205,99672
99591,100006
100203,100022
100199,100198
100200,100198
99649,100207
162963,100212
82890,100213
160361,100217
167867,100221
93167,100223
92192,100224
100227,100226
151468,100233
100508,100507
103773,100540
103774,100540
93069,100541
83352,100541
92874,103052
107993,103112
103113,103112
100222,103112
94413,103112
103173,103172
91375,103212
68931,103392
68940,103392
70477,103392
93001,103392
93002,103392
93003,103392
92536,103392
93623,103412
167066,103613
99643,103814
99644,103814
99645,103814
92805,103814
103954,103953
160282,104073
160283,104073
160284,104073
160286,104073
160287,104073
171256,104113
104013,104113
104014,104113
92988,104113
92988,104133
91772,104173
68565,104173
91316,104173
142073,104253
160404,109353
160358,109354
109674,109673
111193,111173
170909,111293
111553,111513
140221,111513
92164,111513
92544,111513
169967,111515
111654,111653
119074,118873
119075,118873
118954,118953
92598,121257
122512,122493
122515,122514
167070,127353
130153,127993
94389,129034
129036,129035
129037,129035
69412,129043
70867,129043
160341,130113
130194,130193
93142,132373
92151,132373
133656,133655
167068,133657
171218,133660
122674,135015
162989,135016
135321,135317
135320,135318
140067,136950
140221,138486
140068,138696
140070,138698
139030,139029
140079,139102
140066,139129
142013,139357
140078,139780
163016,139780
171208,139789
140080,139847
140076,139857
140077,139857
136710,140069
140083,140082
140129,140082
171234,140084
140106,140099
140107,140099
140132,140122
140127,140126
140155,140153
140402,140156
140180,140163
140181,140163
140184,140171
144037,140187
140205,140191
140206,140191
140197,140196
140211,140201
140212,140201
160324,140201
140208,140207
140209,140207
140232,140231
140233,140231
140234,140231
140256,140255
140257,140255
140275,140272
140276,140272
140278,140277
140296,140295
140438,140297
140340,140334
140337,140338
140492,140339
140345,140344
160323,140346
140537,140357
140538,140357
121259,140357
100218,140357
140377,140366
163054,140366
162992,140366
162961,140366
140393,140389
140392,140390
140395,140394
140435,140434
140436,140434
140445,140446
140467,140466
140468,140466
160325,140487
160335,140493
160336,140494
160338,140495
162700,140495
162701,140495
91983,140495
140514,140513
171242,140521
140523,140522
140534,140533
140535,140533
143546,140555
143548,140784
142042,141168
142045,141275
141898,141676
162565,141942
162566,141942
144589,142004
144590,142004
144588,142011
142041,142031
171221,142051
143492,142074
167027,142958
160293,142962
160414,142994
142967,143016
143428,143257
143536,143370
167325,143371
143437,143433
92245,143476
143501,143500
143170,143535
171222,143712
71482,143781
143582,144462
143708,144463
143950,144464
144558,144556
144600,144599
164122,145009
146427,146426
146428,146426
92022,146429
92021,146429
71670,147269
92253,147270
130213,147270
92196,147272
91670,147272
147283,147282
147300,147308
170906,147314
152444,147521
151400,151399
151465,151464
151466,151464
151799,151798
151830,151829
151889,151881
151885,151884
151886,151884
151887,151884
151888,151884
151894,151893
159208,152578
163015,152708
169931,159183
91256,159185
91260,159185
71147,159195
71148,159195
162966,159206
162965,159206
159211,159210
159236,159235
159259,159258
159260,159258
159269,159268
162567,159325
162719,160217
160249,160248
160261,160260
160263,160262
160266,160265
160268,160267
160270,160269
160272,160271
160299,160298
160302,160301
160304,160303
160306,160305
160307,160305
160308,160305
167152,160305
160312,160309
160311,160310
160322,160321
160331,160329
160332,160330
160334,160333
160340,160339
160344,160343
160357,160356
97268,160363
91010,160366
160372,160371
160381,160380
162970,160408
160413,160412
160506,160505
164367,160505
163023,160510
160512,160511
171213,160526
160532,160531
162655,162654
162753,162752
162754,162752
162755,162752
162884,162853
162880,162872
162881,162872
162882,162872
71184,162892
162895,162894
162913,162912
91075,162932
162960,162959
162968,162967
163018,163017
83990,164106
164118,164117
164363,164358
164378,164381
164379,164381
164384,164382
164389,164386
167034,164397
167327,167326
168260,167848
170020,170019
170060,170059
170067,170066
170631,170630
170636,170635
170639,170638
170640,170638
171241,170774
171202,170815
170988,170987
171244,171243
171291,171290
171292,171290
171293,171290
171380,171379
171386,171385
171398,171397
171422,171421
