TH_T_U_UID_1,TH_T_U_UID_2
131607,131530
131915,131530
133907,131530
133941,131530
133967,131530
131557,131532
134085,131535
135035,131538
131723,131543
131639,131544
132870,131544
133059,131544
134975,131544
135491,131544
136709,131544
136710,131544
136711,131544
172163,131544
131547,131546
131590,131546
131546,131547
134993,131548
134971,131550
133935,131551
133319,131553
205442,131553
205443,131553
205444,131553
131564,131554
131669,131554
131735,131554
135818,131554
135293,131554
133987,131556
131532,131557
131699,131559
132487,131559
135604,131559
134982,131559
131561,131560
131590,131560
131560,131561
135286,131563
135026,131564
131566,131564
131554,131564
131564,131566
131592,131566
135010,131566
134978,131566
135240,131567
134211,131567
134235,131567
134411,131567
132060,131567
143703,131567
134241,131571
135265,131572
132060,131572
134412,131573
134389,131573
134390,131573
133997,131574
133732,131574
133441,131574
131648,131576
163043,131576
163063,131576
202731,131576
163043,131577
133317,131578
135357,131578
131582,131581
131581,131582
133440,131582
135526,131587
134993,131590
131560,131590
131546,131590
131754,131590
131755,131590
131692,131591
131630,131591
134311,131591
134371,131591
134258,131591
134177,131591
154043,131591
183904,131592
134971,131592
131566,131592
133489,131592
135101,131593
131673,131597
131782,131597
133335,131601
133888,131604
133740,131607
133660,131607
134074,131607
134079,131607
134031,131607
134124,131607
134247,131607
134371,131607
134418,131607
134998,131607
135275,131607
134578,131607
135285,131607
135902,131607
133508,131607
133574,131607
133590,131607
133619,131607
133647,131607
131811,131607
131812,131607
131813,131607
131822,131607
131845,131607
131853,131607
131918,131607
131942,131607
131666,131607
131750,131607
131732,131607
131530,131607
131631,131607
183919,131607
131709,131609
135169,131609
134307,131612
134308,131612
134294,131612
206601,131612
131636,131616
135304,131625
135902,131630
131632,131630
131591,131630
131632,131631
131607,131631
133231,131631
131631,131632
131630,131632
131645,131632
135902,131632
183919,131632
154043,131632
131644,131636
131671,131636
131616,131636
131834,131636
132265,131636
131687,131638
131544,131639
133038,131639
131671,131644
131636,131644
131834,131644
135748,131644
135328,131644
134125,131644
190386,131644
135160,131645
131664,131645
131632,131645
135160,131646
131576,131648
133331,131648
136774,131653
131898,131661
133059,131662
131645,131664
135160,131664
134172,131665
134037,131665
131732,131666
131607,131666
131668,131667
131667,131668
131554,131669
134418,131670
135198,131670
134578,131670
134719,131670
131636,131671
131644,131671
132265,131671
132253,131671
141382,131671
185101,131672
131682,131672
132060,131672
135270,131672
134295,131672
134299,131672
134235,131672
134236,131672
134227,131672
131597,131673
131694,131674
131738,131674
131739,131674
135491,131677
135485,131677
196600,131680
135278,131682
134227,131682
134235,131682
134231,131682
131672,131682
131782,131685
131779,131685
131638,131687
134139,131687
134140,131687
134079,131687
133964,131687
133740,131687
135234,131687
134998,131687
135809,131687
135037,131692
134177,131692
134371,131692
131750,131692
131591,131692
131674,131694
133429,131696
133317,131697
133061,131699
131559,131699
133319,131708
133414,131708
131609,131709
131836,131711
133075,131717
131543,131723
135300,131723
135304,131725
133317,131725
133317,131726
135283,131727
135289,131727
134124,131732
133747,131732
133663,131732
133619,131732
133573,131732
133563,131732
131607,131732
131666,131732
131761,131732
131800,131732
131945,131732
133423,131733
131737,131735
131554,131735
134173,131735
134166,131735
135100,131735
134169,131737
134167,131737
134170,131737
134085,131737
131735,131737
131674,131738
131674,131739
133231,131742
135162,131743
135547,131743
134031,131748
134177,131750
134371,131750
134311,131750
135285,131750
133574,131750
133508,131750
131692,131750
131607,131750
131782,131751
135160,131751
134579,131751
134997,131752
132035,131753
131754,131753
131753,131754
131590,131754
134970,131754
131590,131755
134141,131757
134176,131757
134085,131757
134068,131757
133759,131760
133337,131760
131732,131761
134998,131761
134998,131763
133732,131763
133150,131767
134085,131771
134086,131771
134472,131772
131774,131773
131773,131774
134994,131774
132870,131775
132864,131775
132903,131775
132904,131775
132905,131775
132060,131776
135278,131776
134292,131776
134227,131776
134231,131776
134235,131776
135522,131777
132917,131777
131685,131779
135041,131779
135041,131780
135160,131782
131685,131782
131751,131782
131597,131782
131930,131784
184565,131784
135303,131788
134374,131788
135303,131789
205841,131789
205754,131791
135295,131791
131912,131791
131961,131792
135169,131794
133075,131795
135299,131799
202957,131799
202958,131799
202956,131799
134998,131800
135121,131800
135122,131800
133129,131800
131732,131800
133414,131801
133566,131802
133649,131802
132045,131802
131831,131803
131832,131804
132055,131804
135935,131804
135580,131805
132053,131805
131931,131805
131846,131805
131879,131808
131883,131808
131893,131808
131892,131808
131884,131808
131931,131810
132053,131810
131995,131810
131846,131810
144747,131810
131607,131811
131607,131812
131840,131812
131813,131812
131812,131813
131880,131813
131607,131813
135101,131814
133988,131815
133988,131817
131880,131819
131936,131819
131921,131820
131903,131822
131837,131822
131607,131822
131903,131826
131803,131831
133888,131831
135174,131831
131804,131832
131915,131833
131644,131834
131636,131834
132265,131834
141382,131834
131843,131835
131846,131835
131711,131836
135106,131836
135303,131836
205841,131836
131822,131837
136622,131838
131812,131840
133582,131840
131904,131842
131835,131843
131607,131845
135348,131845
131835,131846
131810,131846
131805,131846
131931,131846
135101,131847
131936,131848
133414,131848
131607,131853
134067,131853
133888,131855
131885,131855
134226,131858
135348,131859
135625,131865
134281,131866
131867,131866
131866,131867
131927,131874
131934,131875
133660,131877
135348,131877
131891,131879
131883,131879
131808,131879
131813,131880
131885,131880
131819,131880
135842,131880
131963,131881
131892,131883
131879,131883
131808,131883
131808,131884
131892,131884
131887,131885
131888,131885
131880,131885
131855,131885
131885,131887
131885,131888
131924,131890
135067,131890
183680,131890
131892,131891
131879,131891
131883,131892
131808,131892
131891,131892
131884,131892
131893,131892
131892,131893
131808,131893
133797,131893
133660,131898
135234,131898
131661,131898
135582,131899
131822,131903
131826,131903
131842,131904
131791,131912
135201,131912
131833,131915
131530,131915
131607,131918
131965,131919
133894,131919
131820,131921
135582,131923
131890,131924
131964,131927
131874,131927
135201,131927
135231,131928
134012,131930
131784,131930
131810,131931
131805,131931
131846,131931
131995,131931
132053,131931
132049,131931
135580,131931
144747,131931
131875,131934
131848,131936
131819,131936
134352,131938
134442,131938
134252,131938
132044,131939
131607,131942
205754,131942
134124,131943
131732,131945
131954,131949
131949,131954
131958,131957
131957,131958
131966,131961
131792,131961
135295,131961
131881,131963
131927,131964
131919,131965
131961,131966
135201,131968
135304,131971
135591,131976
133582,131980
134727,131982
134319,131982
134386,131986
135627,131986
135875,131986
135297,131986
154123,131986
190374,131987
190374,131988
190374,131989
213560,131989
135627,131989
135564,131989
135170,131995
131931,131995
131810,131995
132001,131999
131999,132001
134379,132004
134379,132005
135564,132010
133137,132011
133101,132011
133137,132012
133227,132018
134220,132019
133101,132029
133678,132032
133732,132032
134362,132033
132035,132033
135513,132034
132033,132035
132038,132035
131753,132035
134220,132036
133757,132037
132035,132038
135342,132040
136560,132040
136561,132040
135231,132040
134013,132043
131939,132044
131802,132045
135348,132045
131931,132049
133657,132050
205755,132050
133871,132051
131931,132053
131810,132053
131805,132053
131804,132055
134230,132058
134407,132058
135268,132058
135240,132058
143703,132058
165184,132060
165185,132060
193683,132060
134628,132060
135344,132060
134391,132060
134329,132060
134302,132060
134295,132060
131776,132060
131672,132060
131572,132060
131567,132060
132821,132060
132802,132061
134423,132061
134445,132061
135318,132061
132929,132064
135101,132066
133008,132070
132087,132073
132151,132073
132167,132073
135476,132076
135557,132076
132098,132079
132087,132079
153364,132079
132397,132080
133008,132084
132407,132085
132408,132085
132091,132085
132073,132087
132079,132087
132120,132087
132158,132087
132279,132087
132415,132087
132423,132089
132382,132089
132423,132090
132097,132090
133021,132090
135218,132090
132085,132091
132111,132093
135481,132093
135418,132094
135101,132094
132151,132095
132838,132095
132838,132096
132090,132097
145508,132097
132079,132098
132280,132098
132838,132100
132289,132101
132328,132101
132346,132101
135480,132103
132446,132108
135476,132109
132392,132110
132361,132111
132321,132111
132320,132111
132283,132111
132093,132111
132362,132112
132087,132120
132151,132120
132167,132120
132127,132122
132926,132122
132122,132127
132143,132130
132167,132132
132138,132133
132137,132133
133037,132133
132133,132137
132167,132137
132167,132138
132133,132138
132143,132138
132167,132142
132138,132143
132130,132143
132227,132144
132390,132144
132903,132146
132903,132147
132903,132148
132420,132150
132120,132151
132073,132151
132095,132151
132158,132151
132156,132151
135300,132151
135642,132151
135300,132156
132151,132156
181229,132156
181230,132156
132151,132158
132087,132158
132167,132158
132648,132163
132158,132167
132073,132167
132137,132167
132138,132167
132142,132167
132120,132167
132132,132167
135415,132168
182206,132169
132802,132172
132752,132173
132756,132173
133101,132173
132390,132173
132391,132173
132473,132173
135473,132173
135628,132173
135608,132173
134974,132173
135010,132173
135160,132173
134711,132173
134978,132173
134272,132173
186495,132173
132444,132174
132446,132181
133064,132181
132583,132184
132625,132186
133017,132186
134069,132188
134004,132193
132854,132193
132893,132194
134004,132195
133017,132196
132625,132196
132854,132197
132283,132197
132287,132197
145515,132197
202893,132198
132487,132206
132956,132206
132599,132206
204811,132208
132847,132215
132849,132215
132372,132216
132625,132225
133017,132225
133017,132226
132625,132226
135473,132226
172245,132226
135473,132227
132144,132227
133227,132228
133249,132228
133641,132228
134950,132228
135032,132228
134031,132228
134031,132229
134371,132229
132248,132229
162964,132229
132249,132231
132243,132231
134031,132231
134032,132234
134118,132235
134031,132238
134978,132238
132243,132238
134118,132239
134111,132243
134953,132243
132238,132243
132231,132243
132248,132243
135275,132247
134111,132247
134067,132248
135638,132248
132229,132248
132243,132248
132231,132249
131671,132253
133268,132253
134954,132253
134067,132254
132258,132257
132257,132258
134111,132259
134461,132259
134004,132265
134954,132265
131671,132265
131636,132265
131834,132265
134183,132266
132792,132267
162964,132269
135294,132273
132321,132276
132315,132276
145558,132276
180591,132277
132583,132277
134183,132278
132280,132279
132087,132279
132557,132279
182197,132279
153364,132279
182197,132280
186484,132280
132098,132280
132279,132280
135385,132280
132319,132283
132111,132283
132197,132283
132677,132283
132324,132286
140656,132286
202774,132287
132289,132287
132197,132287
132718,132287
132854,132287
132289,132288
132287,132289
132288,132289
132293,132289
132101,132289
145515,132289
176414,132289
176415,132289
176416,132289
132293,132291
132291,132293
132289,132293
183859,132294
153663,132298
140656,132300
132924,132300
134272,132300
140635,132301
136721,132305
132493,132305
206846,132305
136587,132307
135419,132313
132990,132313
133481,132313
132276,132315
132506,132316
132562,132316
132563,132316
132413,132316
132283,132319
132321,132319
132591,132319
132321,132320
132111,132320
132111,132321
132320,132321
132319,132321
132276,132321
134941,132322
135419,132323
132326,132323
133481,132323
133481,132324
132348,132324
132286,132324
135419,132324
135602,132325
132323,132326
145525,132326
191884,132326
132336,132328
132101,132328
132348,132329
132473,132330
132849,132333
132348,132334
132339,132334
132328,132336
135406,132336
140656,132336
135571,132339
132334,132339
132834,132340
135577,132340
134731,132340
135010,132340
135579,132342
132705,132342
132101,132346
132334,132348
132329,132348
132324,132348
197424,132352
213560,132352
132572,132353
134190,132353
132446,132357
135427,132358
135414,132359
135414,132361
132111,132361
132112,132362
132558,132363
132548,132363
135410,132363
135414,132364
132549,132364
132446,132364
132801,132364
132759,132364
214602,132364
214606,132364
132566,132365
135414,132365
132373,132367
132392,132370
132491,132370
135414,132370
135518,132370
135414,132371
132576,132371
132379,132372
132216,132372
132367,132373
132510,132374
132521,132374
135414,132374
135414,132376
136806,132377
136807,132377
132372,132379
132697,132381
132582,132382
132591,132382
132585,132382
132597,132382
132608,132382
132838,132382
133007,132382
133057,132382
133056,132382
133062,132382
132950,132382
132513,132382
132089,132382
135869,132382
135480,132382
135470,132382
191957,132382
202749,132383
202751,132383
202750,132383
132487,132383
132551,132383
132958,132383
132801,132383
132813,132384
132783,132384
132487,132384
132547,132385
132954,132385
133055,132385
135300,132387
132986,132390
132144,132390
132173,132390
132173,132391
132986,132391
132579,132391
132837,132392
132110,132392
132370,132392
182094,132392
132080,132397
135476,132398
135476,132401
132085,132407
132085,132408
135476,132410
135476,132412
135410,132412
132316,132413
145519,132413
182077,132415
132087,132415
135410,132415
135429,132415
135557,132418
132557,132418
132770,132418
132150,132420
132089,132423
132090,132423
132582,132423
145508,132423
132448,132433
132471,132433
135395,132433
134689,132433
132487,132438
132447,132439
132472,132441
134690,132441
134600,132441
135106,132441
134371,132441
132502,132443
132452,132444
132174,132444
135101,132444
135471,132446
132181,132446
132108,132446
132357,132446
132364,132446
132493,132446
132494,132446
132495,132446
132497,132446
132557,132446
132596,132446
133130,132446
191861,132446
132463,132447
132439,132447
132433,132448
132468,132450
135691,132450
141152,132450
134680,132451
132444,132452
132481,132452
132463,132453
132458,132456
132460,132456
132461,132456
135148,132457
132456,132458
132615,132458
132456,132460
132456,132461
132447,132463
132470,132463
132453,132463
134684,132463
134680,132467
132803,132467
132803,132468
132450,132468
134680,132468
134655,132468
154023,132468
134684,132469
132463,132470
132433,132471
134694,132471
134711,132471
134750,132471
135507,132471
134750,132472
134676,132472
135101,132472
132441,132472
132330,132473
132173,132473
132986,132473
132934,132478
132480,132478
135471,132479
135471,132480
132478,132480
132452,132481
134682,132481
135449,132486
135395,132486
135429,132486
132989,132486
132951,132487
133055,132487
133057,132487
133061,132487
132822,132487
132438,132487
132384,132487
132383,132487
132549,132487
132206,132487
131559,132487
135395,132487
134465,132487
202750,132487
202751,132487
202749,132487
133068,132488
132551,132490
132370,132491
133159,132491
181228,132492
181227,132492
133410,132493
132446,132493
132305,132493
132446,132494
132551,132494
132446,132495
133368,132496
132446,132497
204811,132497
133159,132498
133414,132499
132502,132500
136005,132500
132500,132502
132443,132502
132316,132506
145519,132506
132374,132510
132695,132512
132382,132513
132529,132514
132676,132514
172688,132515
172685,132515
153843,132516
132538,132516
135418,132516
134463,132519
132802,132519
132374,132521
132567,132522
135216,132522
135224,132523
135300,132526
132514,132529
132695,132529
172685,132529
172688,132529
186552,132531
132695,132531
132558,132531
132695,132533
132695,132534
132516,132538
132557,132540
132759,132540
132822,132545
132597,132545
132950,132545
202749,132545
191957,132545
202751,132545
202750,132545
132948,132546
135423,132546
135423,132547
132385,132547
132363,132548
132364,132549
132551,132549
132487,132549
134455,132549
202750,132549
202751,132549
202749,132549
191861,132551
145485,132551
134978,132551
132494,132551
132555,132551
132490,132551
132549,132551
132383,132551
132948,132551
132951,132551
132596,132551
132801,132551
132759,132551
132551,132555
132557,132556
205694,132556
132556,132557
132540,132557
132446,132557
132418,132557
132279,132557
132948,132557
132852,132557
135010,132557
135470,132557
133085,132558
132572,132558
132598,132558
133191,132558
132363,132558
132531,132558
132606,132559
132599,132559
132605,132559
132577,132562
132316,132562
145519,132562
145519,132563
132316,132563
135476,132563
132365,132566
132572,132566
132522,132567
132558,132572
132566,132572
132353,132572
132577,132574
132371,132576
132562,132577
132574,132577
186346,132578
132802,132579
132391,132579
135628,132579
134980,132579
134476,132579
134455,132579
132382,132582
132423,132582
132277,132583
132184,132583
132971,132583
132382,132585
132812,132587
132826,132587
134461,132587
134461,132588
135100,132591
132382,132591
132319,132591
132446,132596
132551,132596
132545,132597
132382,132597
132558,132598
132559,132599
132206,132599
132959,132599
133062,132599
145529,132599
172688,132601
172685,132601
145529,132605
132959,132605
132852,132605
132559,132605
132559,132606
132959,132606
145529,132606
132382,132608
132825,132614
132458,132615
132718,132618
132914,132622
132225,132625
132226,132625
132186,132625
132196,132625
135010,132625
134960,132625
135443,132625
135516,132625
172245,132625
205773,132640
132163,132648
132871,132648
132882,132648
132883,132648
134960,132651
133004,132652
132870,132659
210616,132660
210616,132666
135163,132666
134187,132669
134188,132669
134316,132674
135407,132674
135642,132676
135577,132676
135010,132676
134432,132676
132997,132676
132709,132676
132710,132676
132711,132676
132715,132676
132796,132676
132795,132676
132756,132676
133159,132676
132514,132676
165191,132676
145683,132676
132283,132677
132512,132695
132529,132695
132531,132695
132533,132695
132534,132695
133146,132695
133191,132695
133085,132695
141161,132695
132703,132697
132381,132697
132703,132700
132701,132700
135545,132700
202790,132700
132703,132701
132700,132701
132703,132702
132700,132703
132701,132703
132702,132703
132697,132703
135595,132703
134400,132703
134346,132703
134363,132703
135708,132704
134659,132705
134262,132705
132752,132705
132342,132705
132676,132709
132676,132710
132676,132711
135431,132711
135579,132713
132676,132715
132933,132716
136673,132716
132618,132718
132287,132718
145515,132718
177422,132718
133205,132720
133205,132721
134477,132726
134480,132726
134187,132727
134145,132727
134017,132727
134638,132733
132744,132736
132753,132738
132779,132738
135476,132738
132753,132741
132799,132741
132794,132744
132753,132744
132765,132744
132736,132744
132782,132749
132756,132749
135486,132749
135507,132749
132760,132750
132761,132752
132759,132752
132757,132752
132758,132752
132705,132752
132986,132752
132173,132752
135476,132752
186480,132752
132738,132753
132741,132753
132744,132753
132749,132756
132676,132756
132986,132756
132173,132756
135476,132756
135318,132756
135644,132756
134424,132756
134460,132756
134458,132756
134472,132756
132997,132757
132752,132757
132752,132758
134213,132758
132752,132759
132364,132759
132540,132759
132551,132759
132750,132760
132752,132761
133064,132763
132934,132763
135507,132763
135435,132764
132744,132765
182102,132768
132418,132770
135921,132772
133414,132773
135507,132774
135507,132776
134480,132779
132738,132779
190363,132781
132749,132782
132384,132783
186480,132783
132793,132784
132790,132784
132996,132784
134460,132784
132791,132785
132795,132785
134414,132789
132784,132790
132785,132791
132267,132792
132784,132793
132744,132794
132785,132795
132676,132795
132676,132796
132741,132799
134455,132799
135488,132800
132812,132800
132813,132800
132803,132800
132383,132801
132364,132801
132551,132801
202751,132801
202750,132801
202749,132801
132519,132802
132172,132802
132061,132802
132579,132802
134430,132802
134234,132802
134465,132803
132800,132803
132805,132803
132806,132803
132467,132803
132468,132803
132812,132805
132803,132805
132822,132805
132822,132806
132803,132806
132812,132806
132822,132809
132822,132812
132821,132812
132806,132812
132805,132812
132800,132812
132587,132812
134465,132812
134455,132813
135489,132813
135767,132813
132800,132813
132384,132813
132060,132821
132812,132821
134450,132821
134450,132822
132812,132822
132805,132822
132806,132822
132809,132822
132545,132822
132487,132822
135300,132824
134433,132825
132614,132825
132587,132826
182194,132827
182057,132834
190419,132834
132340,132834
132392,132837
132968,132837
132382,132838
132100,132838
132095,132838
132096,132838
135519,132842
144883,132842
132847,132843
133187,132843
132849,132844
132843,132847
132848,132847
132215,132847
132849,132848
132847,132848
132844,132849
132848,132849
132215,132849
132333,132849
132854,132850
135101,132851
132948,132852
132605,132852
132557,132852
145543,132852
135300,132853
134020,132854
134004,132854
132287,132854
132197,132854
132193,132854
132850,132854
132933,132854
145515,132854
183859,132855
135300,132855
135300,132856
135491,132864
134983,132864
132909,132864
132870,132864
132904,132864
132903,132864
133059,132864
131775,132864
131775,132870
131544,132870
133059,132870
133038,132870
132864,132870
132659,132870
134983,132870
172163,132870
132648,132871
132883,132871
210616,132873
135101,132874
132903,132878
132648,132882
183859,132882
132648,132883
132871,132883
132926,132883
135463,132883
132895,132885
135101,132887
135933,132888
135101,132891
132911,132891
132907,132892
132973,132893
132194,132893
132885,132895
132903,132896
132896,132903
132878,132903
132864,132903
132909,132903
132146,132903
132147,132903
132148,132903
131775,132903
134983,132903
144965,132903
134983,132904
131775,132904
132909,132904
132864,132904
131775,132905
132892,132907
132864,132909
132904,132909
132903,132909
210616,132910
132891,132911
132935,132912
132927,132914
132920,132914
132915,132914
132924,132914
132622,132914
132914,132915
135300,132915
135468,132917
135101,132917
132924,132917
132935,132917
131777,132917
132914,132920
132914,132924
132917,132924
132300,132924
134031,132924
132122,132926
132883,132926
132914,132927
132064,132929
132942,132930
133041,132930
132854,132933
132716,132933
132763,132934
132478,132934
132917,132935
132912,132935
132930,132942
132852,132948
133064,132948
132557,132948
132551,132948
132546,132948
132545,132950
132382,132950
132551,132951
132487,132951
133061,132951
132385,132954
132206,132956
133062,132956
132383,132958
132606,132959
132605,132959
132599,132959
135472,132961
202753,132961
202752,132961
202754,132961
202755,132961
144883,132963
135415,132966
132837,132968
132583,132971
132893,132973
135393,132979
132752,132986
132756,132986
132391,132986
132390,132986
132473,132986
132486,132989
134206,132989
136608,132990
132313,132990
186336,132994
186336,132995
132784,132996
134460,132996
132757,132997
132676,132997
135470,133002
132652,133004
132382,133007
135479,133007
132084,133008
132070,133008
144883,133008
172245,133017
132225,133017
132226,133017
132196,133017
132186,133017
135516,133017
135010,133017
134960,133017
132090,133021
145508,133021
145903,133022
145904,133022
134197,133029
134162,133029
183680,133034
132133,133037
131639,133038
132870,133038
133059,133038
134975,133038
135491,133038
136710,133038
136709,133038
136711,133038
172163,133038
132930,133041
136005,133048
186552,133051
202755,133052
202754,133052
202752,133052
202753,133052
186346,133054
132385,133055
132487,133055
132382,133056
135470,133056
135470,133057
132382,133057
132487,133057
131662,133059
131544,133059
132870,133059
132864,133059
133038,133059
134976,133059
132951,133061
131699,133061
132487,133061
132382,133062
132956,133062
132599,133062
132763,133064
132948,133064
132181,133064
133141,133066
135132,133066
132488,133068
133119,133069
135132,133070
135470,133073
134485,133075
134566,133075
134538,133075
133138,133075
133391,133075
131717,133075
131795,133075
171063,133075
178413,133075
144163,133075
133137,133078
135132,133078
133128,133080
133237,133080
133148,133081
135132,133081
133148,133082
133145,133082
133092,133082
134693,133084
132695,133085
133146,133085
133159,133085
133201,133085
132558,133085
133145,133092
133148,133092
133082,133092
133119,133093
133123,133093
133131,133093
134953,133098
135197,133099
135232,133101
135118,133101
133835,133101
133359,133101
133407,133101
132173,133101
132029,133101
132011,133101
134272,133107
133131,133108
133128,133113
133201,133113
133184,133113
133237,133113
202717,133114
133069,133119
133093,133119
133093,133123
133080,133128
133129,133128
133113,133128
133222,133128
133148,133128
133237,133129
133563,133129
133128,133129
131800,133129
132446,133130
133108,133131
133093,133131
133261,133131
133159,133131
133141,133133
133756,133135
133759,133136
133337,133136
133078,133137
132011,133137
132012,133137
135232,133137
135233,133137
135889,133137
133075,133138
133066,133141
133133,133141
135132,133141
135132,133142
133825,133143
133092,133145
133082,133145
133085,133146
132695,133146
133191,133146
135949,133146
133237,133148
133082,133148
133081,133148
133092,133148
133128,133148
131767,133150
135132,133158
135132,133159
135518,133159
134412,133159
132491,133159
132498,133159
133131,133159
133085,133159
132676,133159
133191,133159
133201,133159
135132,133160
135275,133162
133253,133166
133249,133167
133227,133167
133641,133167
134950,133167
135132,133168
134409,133168
134294,133168
133229,133168
135608,133171
135608,133172
135608,133175
134251,133176
134513,133180
133583,133181
202753,133183
202752,133183
202754,133183
202755,133183
133222,133184
133185,133184
133113,133184
133184,133185
132843,133187
133265,133188
133545,133188
133583,133190
133201,133191
133146,133191
133159,133191
132695,133191
132558,133191
133557,133192
133431,133192
134711,133200
135132,133200
135628,133200
134944,133201
133159,133201
133191,133201
133222,133201
133113,133201
133085,133201
132720,133205
132721,133205
135132,133205
133207,133206
133206,133207
134949,133207
134968,133208
134321,133208
133210,133209
133238,133210
133209,133210
135132,133217
133201,133222
133184,133222
133128,133222
133167,133227
133243,133227
133641,133227
132228,133227
132018,133227
135025,133227
134963,133227
134950,133227
134963,133228
133287,133228
133168,133229
133640,133229
135348,133229
135648,133231
134589,133231
131742,133231
131631,133231
134951,133234
135033,133234
134259,133234
133757,133236
133148,133237
133129,133237
133113,133237
133080,133237
133210,133238
134067,133241
135032,133243
133227,133243
133167,133249
132228,133249
135032,133249
134004,133253
133166,133253
166386,133254
133263,133256
134592,133260
133131,133261
133256,133263
191239,133263
133188,133265
133545,133265
132253,133268
135101,133268
134183,133268
135163,133271
143303,133274
135132,133275
133289,133275
133393,133276
133295,133277
186581,133278
143303,133279
135184,133280
135110,133280
135315,133281
133295,133281
133289,133286
133228,133287
135132,133287
135110,133289
133286,133289
133275,133289
133292,133291
133291,133292
133661,133294
133281,133295
133277,133295
135178,133296
135547,133300
136846,133300
133329,133300
182126,133300
209668,133301
133393,133301
133386,133302
133380,133307
133408,133307
135214,133307
135045,133307
134692,133307
133395,133308
133315,133310
133311,133310
133310,133311
133360,133311
133339,133311
134720,133311
136826,133311
133602,133312
133336,133313
133337,133313
133323,133313
133492,133314
134736,133314
134716,133315
133310,133315
133362,133316
133376,133317
133398,133317
131578,133317
131725,133317
131726,133317
131697,133317
135047,133317
135106,133318
135303,133318
133337,133318
150603,133318
143597,133319
133320,133319
133385,133319
131708,133319
131553,133319
133319,133320
205444,133320
205443,133320
205442,133320
133337,133321
133348,133321
133313,133323
207072,133324
154063,133326
133345,133326
133300,133329
133379,133329
131648,133331
163043,133331
163063,133331
202731,133331
163043,133332
133414,133332
133355,133332
133341,133335
131601,133335
133313,133336
133313,133337
133318,133337
133321,133337
133136,133337
131760,133337
133311,133339
133393,133339
192928,133339
209668,133339
133335,133341
135305,133342
202731,133343
135301,133344
133366,133344
133365,133344
133412,133344
133418,133344
133366,133345
133326,133345
135305,133345
135295,133345
134692,133347
204207,133347
185297,133347
134692,133348
133321,133348
133360,133348
133400,133348
133384,133348
135304,133349
209908,133351
209607,133351
144443,133352
141132,133352
136021,133352
136608,133352
133365,133354
133374,133355
133332,133355
133101,133359
135106,133359
133311,133360
133348,133360
133386,133360
137082,133361
184558,133361
133365,133362
133316,133362
196600,133363
133354,133365
133344,133365
133362,133365
133400,133365
133412,133365
135050,133365
135295,133366
135523,133366
134059,133366
134164,133366
134431,133366
133344,133366
133345,133366
154063,133366
132496,133368
136587,133368
136819,133372
134692,133373
133384,133373
141150,133373
202848,133373
202872,133373
202873,133373
202850,133373
202852,133373
202853,133373
202854,133373
202856,133373
202857,133373
202858,133373
202859,133373
202860,133373
202862,133373
202863,133373
202864,133373
202865,133373
202866,133373
202868,133373
202869,133373
133355,133374
136839,133375
136608,133375
209624,133375
133317,133376
133329,133379
135547,133379
134692,133380
135045,133380
133307,133380
135970,133381
134692,133384
133373,133384
133348,133384
133319,133385
133414,133385
133390,133386
133302,133386
133360,133386
209908,133386
209607,133386
184558,133386
133419,133387
135056,133387
136587,133388
133386,133390
133075,133391
134692,133391
202717,133391
204807,133393
204808,133393
134720,133393
136826,133393
133339,133393
133301,133393
133276,133393
182333,133394
133308,133395
134692,133396
135304,133398
133317,133398
133348,133400
133365,133400
209668,133406
133101,133407
133307,133408
134692,133408
134746,133408
135045,133408
132493,133410
133344,133412
133365,133412
133385,133414
133418,133414
133416,133414
133332,133414
132773,133414
132499,133414
131708,133414
131801,133414
131848,133414
135196,133414
135197,133414
135646,133414
135719,133414
134474,133414
134377,133414
133674,133414
192324,133414
133414,133416
133414,133418
133344,133418
135178,133418
135179,133418
135153,133418
134762,133418
134607,133418
135056,133419
135107,133419
135303,133419
133387,133419
133443,133423
133618,133423
131733,133423
135608,133423
135154,133423
134588,133423
134538,133423
186495,133423
213372,133423
133485,133427
133456,133428
131696,133429
135918,133429
133192,133431
133588,133433
131582,133440
131574,133441
133732,133441
133498,133442
133526,133442
133489,133442
133423,133443
133489,133444
133526,133444
133498,133444
135010,133444
135132,133448
133907,133449
133954,133449
133428,133456
133501,133459
133518,133461
135188,133465
135036,133472
133523,133472
133500,133472
135012,133477
134530,133477
134486,133477
133669,133477
132313,133481
132323,133481
132324,133481
191884,133481
145525,133481
133502,133482
133504,133482
133498,133484
133526,133484
133427,133485
133489,133487
133526,133487
133498,133487
133498,133489
133526,133489
133527,133489
133487,133489
133444,133489
133442,133489
135010,133489
134549,133490
134580,133490
178414,133491
135109,133492
133314,133492
133572,133493
135017,133495
134524,133495
134497,133495
135918,133496
133442,133498
133444,133498
133487,133498
133484,133498
133489,133498
133472,133500
135188,133500
133459,133501
133482,133502
133482,133504
131607,133508
131750,133508
134371,133508
134177,133508
135188,133514
133683,133516
133734,133516
133461,133518
133472,133523
133524,133523
135188,133523
136580,133523
135951,133524
133523,133524
133527,133526
133484,133526
133487,133526
133489,133526
133444,133526
133442,133526
133526,133527
135612,133530
133546,133533
133720,133542
136565,133544
133188,133545
133265,133545
133533,133546
135024,133549
135200,133553
192346,133553
134014,133555
133192,133557
133581,133558
133640,133558
133614,133561
133660,133562
135348,133562
134998,133563
135122,133563
135121,133563
133129,133563
131732,133563
131802,133566
135348,133566
133568,133567
133567,133568
133582,133568
135329,133568
133493,133572
131732,133573
133663,133573
190417,133573
134177,133574
135285,133574
131750,133574
131607,133574
133613,133575
133645,133575
135346,133575
135097,133576
133640,133577
135300,133580
135121,133581
135122,133581
133558,133581
133568,133582
133586,133582
131840,133582
131980,133582
135101,133582
133190,133583
133181,133583
135340,133584
144503,133584
162983,133585
135340,133585
135336,133585
133612,133585
133611,133585
133644,133585
133582,133586
133433,133588
131607,133590
205754,133590
136729,133599
133312,133602
133639,133608
210975,133608
185304,133608
210975,133609
186493,133611
133585,133611
135336,133611
135340,133611
135336,133612
133585,133612
162983,133612
133644,133613
133575,133613
135340,133613
133561,133614
135331,133616
133423,133618
131607,133619
131732,133619
135177,133622
135198,133623
134536,133623
134591,133623
134719,133623
178414,133628
133640,133636
134670,133638
133608,133639
133636,133640
133558,133640
133577,133640
133229,133640
133227,133641
133167,133641
132228,133641
134536,133642
134724,133642
134735,133642
135122,133642
135121,133642
133663,133643
135346,133644
133613,133644
133585,133644
133575,133645
135880,133646
135348,133647
131607,133647
131802,133649
134217,133649
135341,133652
135347,133652
134591,133656
135338,133657
135339,133657
133659,133657
132050,133657
183846,133657
183847,133657
133657,133659
135348,133660
131898,133660
131877,133660
131607,133660
133562,133660
133294,133661
135339,133662
133573,133663
133643,133663
131732,133663
133907,133668
133954,133668
133941,133668
133924,133668
134540,133669
133477,133669
133888,133672
133683,133672
133697,133673
133683,133674
133414,133674
133907,133675
133954,133675
133967,133675
133835,133676
165193,133676
133732,133678
132032,133678
133680,133679
133679,133680
133887,133680
133886,133680
135304,133680
133825,133681
133737,133681
133732,133682
133907,133682
133967,133682
133954,133682
133924,133682
133941,133682
133992,133683
133973,133683
133976,133683
133978,133683
134000,133683
133892,133683
133835,133683
133864,133683
133672,133683
133674,133683
133516,133683
213539,133683
213541,133683
133685,133684
134717,133684
133684,133685
133695,133685
133692,133686
133837,133686
133738,133690
133739,133690
133997,133690
133686,133692
133685,133695
133750,133695
134717,133696
140633,133697
133718,133697
133673,133697
133697,133718
135120,133720
133542,133720
133441,133732
132032,133732
131763,133732
131574,133732
133682,133732
133678,133732
133750,133732
133864,133732
133903,133732
133907,133732
133978,133732
133941,133732
133924,133732
133954,133732
133967,133732
213541,133732
213539,133732
213429,133732
133940,133734
133911,133734
134757,133734
133516,133734
135240,133735
143703,133735
133825,133737
133681,133737
133690,133738
133690,133739
133753,133739
133997,133739
134998,133740
131607,133740
131687,133740
133825,133744
133863,133744
133855,133744
133875,133744
131732,133747
133964,133749
133941,133750
133732,133750
133695,133750
133739,133753
133867,133755
133135,133756
206782,133756
133236,133757
132037,133757
133902,133758
131760,133759
133136,133759
133867,133762
135549,133762
135549,133763
135353,133765
135357,133768
133826,133768
133873,133773
191877,133773
133778,133775
191878,133777
192325,133778
133775,133778
135544,133778
133794,133785
133833,133787
133785,133794
133855,133796
133828,133796
133808,133796
183916,133796
183917,133796
133828,133797
133830,133797
133862,133797
133878,133797
131893,133797
133832,133799
135300,133806
133855,133807
133835,133807
133796,133808
145943,133808
196594,133809
133841,133809
135300,133809
134744,133810
135296,133812
144585,133812
182099,133812
183894,133825
133737,133825
133744,133825
133681,133825
133143,133825
133768,133826
135096,133827
144585,133827
183917,133828
183916,133828
133796,133828
133797,133828
133862,133828
133863,133828
133878,133828
135304,133829
133797,133830
133799,133832
133787,133833
135941,133833
135068,133833
133683,133835
133676,133835
133807,133835
133868,133835
133861,133835
133879,133835
133865,133835
133883,133835
133892,133835
133885,133835
133101,133835
133856,133836
133686,133837
191281,133839
135086,133840
133809,133841
182237,133843
133807,133855
133877,133855
133796,133855
133744,133855
133836,133856
133868,133861
133835,133861
133865,133861
133883,133861
133828,133862
133797,133862
133744,133863
133828,133863
183894,133863
133732,133864
133683,133864
135294,133864
135981,133865
133835,133865
133868,133865
133861,133865
133870,133865
133866,133865
197341,133865
133865,133866
133883,133866
133762,133867
133755,133867
133883,133868
133890,133868
133865,133868
133898,133868
133861,133868
133835,133868
133865,133870
132051,133871
133773,133873
133744,133875
134530,133875
135304,133876
134744,133877
133855,133877
133828,133878
133797,133878
133835,133879
134744,133879
135086,133879
133835,133883
133861,133883
133868,133883
133866,133883
133835,133885
133899,133886
133680,133886
133991,133886
133982,133886
133982,133887
133991,133887
133680,133887
133899,133887
133672,133888
131855,133888
131831,133888
131604,133888
133868,133890
135072,133890
135564,133890
135303,133892
133835,133892
133683,133892
131919,133894
133868,133898
133887,133899
133886,133899
135300,133899
135300,133902
133758,133902
133732,133903
133907,133903
133967,133903
135568,133903
135984,133904
135564,133905
133984,133905
135154,133906
173203,133906
135154,133907
135106,133907
134738,133907
135996,133907
135350,133907
133903,133907
133732,133907
133682,133907
133675,133907
133668,133907
131530,133907
133449,133907
133963,133908
134139,133908
133963,133909
133965,133909
133966,133910
134085,133911
133734,133911
134139,133911
133968,133912
133946,133915
133950,133916
133962,133916
135237,133916
133952,133917
133957,133918
133936,133918
133943,133918
135355,133918
133938,133919
133946,133919
133958,133919
133959,133920
133947,133920
133939,133920
133927,133921
133948,133921
135592,133921
135663,133921
144523,133921
135237,133922
133950,133922
133962,133922
134085,133923
134139,133923
133732,133924
133668,133924
133682,133924
135154,133924
135106,133924
134738,133924
135350,133924
135663,133927
135592,133927
133948,133927
133921,133927
144523,133927
133960,133930
133961,133931
134107,133935
135128,133935
131551,133935
135355,133936
133957,133936
133918,133936
133943,133936
133940,133937
133945,133937
133946,133938
133958,133938
133919,133938
133920,133939
133959,133939
133947,133939
133945,133940
133937,133940
133734,133940
133732,133941
133750,133941
133682,133941
133668,133941
134085,133941
134139,133941
135350,133941
135996,133941
135154,133941
135106,133941
134738,133941
134530,133941
134538,133941
131530,133941
135356,133942
135354,133942
133998,133942
133944,133942
133956,133942
141149,133942
133957,133943
133936,133943
133918,133943
135355,133943
133942,133944
133940,133945
133937,133945
133938,133946
133915,133946
133919,133946
133958,133946
133959,133947
133920,133947
133939,133947
133927,133948
133921,133948
135592,133948
135663,133948
144523,133948
135237,133950
133916,133950
133922,133950
133962,133950
133917,133952
134085,133954
133668,133954
133675,133954
133682,133954
133732,133954
134139,133954
135154,133954
134738,133954
135996,133954
135350,133954
133449,133954
136861,133955
135356,133956
135354,133956
133998,133956
133942,133956
141149,133956
133943,133957
133936,133957
133918,133957
135355,133957
133919,133958
133938,133958
133946,133958
133947,133959
133939,133959
133920,133959
133930,133960
133931,133961
133922,133962
133916,133962
133950,133962
135237,133962
133964,133963
133965,133963
133909,133963
133908,133963
133749,133964
133963,133964
134085,133964
134139,133964
134530,133964
131687,133964
133963,133965
133909,133965
133910,133966
133903,133967
133732,133967
133682,133967
133675,133967
135154,133967
135106,133967
135350,133967
135996,133967
131530,133967
133912,133968
135300,133969
135545,133970
135549,133971
135550,133971
133683,133973
133683,133976
133988,133976
133981,133977
135564,133977
133683,133978
133732,133978
133981,133980
133985,133981
133980,133981
133977,133981
133886,133982
133887,133982
186351,133982
135304,133983
133905,133984
133981,133985
191281,133986
144023,133986
131556,133987
131815,133988
131817,133988
133976,133988
213426,133989
133887,133991
133886,133991
133683,133992
133690,133997
133739,133997
131574,133997
133942,133998
133956,133998
135356,133998
135354,133998
141149,133998
133683,134000
132193,134004
132195,134004
132265,134004
133253,134004
132854,134004
184669,134004
134107,134007
134107,134008
134107,134009
134107,134010
134107,134011
131930,134012
184565,134012
132043,134013
133555,134014
135101,134014
134026,134016
134027,134016
134028,134016
134029,134016
132727,134017
132854,134020
134036,134021
134037,134021
134115,134021
134136,134021
134191,134021
134188,134023
134179,134023
134111,134023
134024,134023
134023,134024
134166,134024
134027,134026
134016,134026
134028,134026
191328,134026
191329,134026
134028,134027
134029,134027
134016,134027
134026,134027
134026,134028
134027,134028
134016,134028
191329,134028
191328,134028
191328,134029
191329,134029
134016,134029
134027,134029
134159,134030
134969,134031
135275,134031
132924,134031
131607,134031
131748,134031
132231,134031
132229,134031
132238,134031
132228,134031
132234,134032
196585,134035
134136,134036
134131,134036
134092,134036
134191,134036
134021,134036
134055,134036
134055,134037
134021,134037
134191,134037
134092,134037
134136,134037
131665,134037
135097,134046
134085,134050
135294,134051
134036,134055
134037,134055
134136,134055
134115,134055
134191,134055
134093,134059
134164,134059
135295,134059
133366,134059
141397,134061
134980,134065
134111,134065
134461,134065
133241,134067
131853,134067
132254,134067
132248,134067
131757,134068
134086,134068
132188,134069
134091,134070
134095,134070
134185,134071
135298,134071
131607,134074
205754,134074
197608,134079
131607,134079
131687,134079
134098,134082
134099,134082
134101,134082
134465,134082
192045,134082
134087,134085
134088,134085
134166,134085
134173,134085
134050,134085
133954,134085
133964,134085
133941,134085
133923,134085
133911,134085
135100,134085
131757,134085
131771,134085
131737,134085
131535,134085
131771,134086
136569,134086
136570,134086
134068,134086
134085,134087
134085,134088
134070,134091
134164,134091
134092,134091
134091,134092
134115,134092
134153,134092
134136,134092
134172,134092
134191,134092
134037,134092
134036,134092
134059,134093
134135,134093
134070,134095
135096,134095
135095,134095
182284,134095
134082,134098
134465,134098
134082,134099
134082,134101
134111,134106
134007,134107
134008,134107
134009,134107
134010,134107
134011,134107
133935,134107
135663,134107
135662,134107
135664,134107
135673,134107
141137,134107
134111,134109
134111,134110
134955,134110
134106,134111
134109,134111
134110,134111
134179,134111
134023,134111
134065,134111
132247,134111
132243,134111
132259,134111
135101,134112
134115,134114
134114,134115
134092,134115
134055,134115
134021,134115
134159,134117
135899,134117
134151,134118
134121,134118
132235,134118
132239,134118
134118,134121
131732,134124
131607,134124
131943,134124
131644,134125
134165,134126
134163,134126
134185,134126
134191,134131
134036,134131
134093,134135
134092,134136
134191,134136
134036,134136
134037,134136
134055,134136
134021,134136
133941,134139
133923,134139
133964,134139
133954,134139
133911,134139
133908,134139
135809,134139
131687,134139
205461,134139
131687,134140
131757,134141
135101,134144
132727,134145
134118,134151
134092,134153
134172,134153
135295,134157
134117,134159
134030,134159
210632,134159
135295,134162
135097,134162
133029,134162
134126,134163
134165,134163
134091,134164
134059,134164
133366,134164
134126,134165
134163,134165
134185,134165
134085,134166
134024,134166
131735,134166
131737,134167
134168,134167
134173,134167
134170,134167
134169,134167
202896,134167
134169,134168
134170,134168
134167,134168
134167,134169
134170,134169
134173,134169
134168,134169
134194,134169
135293,134169
131737,134169
202896,134169
202896,134170
131737,134170
135101,134170
134168,134170
134173,134170
134167,134170
134169,134170
134153,134172
134092,134172
135101,134172
131665,134172
131735,134173
134169,134173
134167,134173
134170,134173
134085,134173
131757,134176
131750,134177
131692,134177
131591,134177
133574,134177
133508,134177
134258,134177
134311,134177
135037,134177
135285,134177
135976,134177
134111,134179
134023,134179
135304,134181
135300,134182
135151,134183
134340,134183
133268,134183
132266,134183
132278,134183
134126,134185
134165,134185
134071,134185
132727,134187
132669,134187
132669,134188
134023,134188
132353,134190
134021,134191
134055,134191
134036,134191
134037,134191
134136,134191
134131,134191
134092,134191
134169,134194
135097,134197
135295,134197
133029,134197
141154,134197
191852,134200
205337,134200
134276,134200
134254,134202
205335,134203
185292,134203
141144,134205
132989,134206
135310,134207
135910,134207
135507,134209
153903,134209
190331,134209
143703,134210
135240,134210
134252,134210
134230,134211
134367,134211
134472,134211
134407,134211
135240,134211
135268,134211
135277,134211
131567,134211
143703,134211
134213,134212
134212,134213
132758,134213
133649,134217
132036,134220
132019,134220
134253,134220
134246,134220
134378,134220
134326,134220
134312,134220
134313,134220
135506,134220
135372,134220
135836,134220
136561,134221
136560,134221
134409,134225
131858,134226
131776,134227
131672,134227
131682,134227
134407,134227
134465,134227
134302,134227
134295,134227
134299,134227
134329,134227
134359,134227
135344,134227
135266,134227
135243,134227
134628,134227
165185,134227
165184,134227
193683,134227
213498,134227
213499,134227
213500,134227
134367,134230
134211,134230
132058,134230
131776,134231
131682,134231
135132,134231
132802,134234
131682,134235
131672,134235
131567,134235
131776,134235
135106,134235
134285,134235
134299,134236
134295,134236
131672,134236
135243,134240
131571,134241
134243,134242
134242,134243
135274,134243
135510,134243
134674,134244
134319,134244
134321,134246
134220,134246
131607,134247
134249,134248
134248,134249
134408,134250
135101,134250
135856,134251
134294,134251
133176,134251
131938,134252
134369,134252
134210,134252
134631,134252
134596,134252
134750,134252
134220,134253
134202,134254
182742,134254
134177,134258
134371,134258
134398,134258
134951,134258
135033,134258
131591,134258
133234,134259
135033,134259
134951,134259
134293,134259
134603,134260
134637,134260
134674,134260
132705,134262
190331,134264
134690,134265
135106,134265
135278,134265
135101,134269
135372,134271
134313,134271
134312,134271
133107,134272
132300,134272
132173,134272
209914,134272
134372,134274
134465,134274
134200,134276
135240,134277
143703,134277
134406,134280
134391,134281
135374,134281
131866,134281
134465,134282
134373,134282
134321,134284
134968,134284
190253,134284
135112,134285
134235,134285
134289,134286
134287,134286
134288,134286
134286,134287
134957,134287
135101,134288
134286,134288
134286,134289
135132,134290
131776,134292
135033,134293
134951,134293
134259,134293
134251,134294
131612,134294
133168,134294
131672,134295
132060,134295
134236,134295
134227,134295
134299,134295
135270,134295
135101,134296
134957,134296
165184,134298
165185,134298
185101,134299
135270,134299
134295,134299
134227,134299
134236,134299
131672,134299
135278,134301
134637,134301
134666,134301
134603,134301
135282,134301
134227,134302
132060,134302
131612,134307
131612,134308
135303,134308
134350,134310
134177,134311
131591,134311
131750,134311
134220,134312
134271,134312
134359,134312
134330,134312
134379,134312
134379,134313
134330,134313
134359,134313
134271,134313
134220,134313
135415,134316
132674,134316
165189,134316
131982,134319
135282,134319
134244,134319
134246,134321
134327,134321
134284,134321
134968,134321
133208,134321
135376,134323
135972,134325
134220,134326
197183,134326
134321,134327
134227,134329
132060,134329
134312,134330
134313,134330
135372,134330
134957,134340
134183,134340
134350,134343
134347,134346
132703,134346
134346,134347
135510,134347
135280,134348
135180,134350
135190,134350
134343,134350
134310,134350
131938,134352
134359,134358
134358,134359
134313,134359
134312,134359
134465,134359
134227,134359
135372,134359
132033,134362
132703,134363
134364,134363
134363,134364
135510,134364
134211,134367
134230,134367
134252,134369
134761,134369
134690,134369
135285,134371
135976,134371
134258,134371
134398,134371
133508,134371
131750,134371
131692,134371
131591,134371
131607,134371
132229,134371
132441,134371
134274,134372
134282,134373
131788,134374
134406,134376
133414,134377
134220,134378
134390,134379
134312,134379
134313,134379
132004,134379
132005,134379
134390,134384
134389,134384
134412,134384
134389,134385
134390,134386
131986,134386
190374,134386
134390,134387
134389,134387
134389,134388
134390,134388
135303,134388
134390,134389
134387,134389
134388,134389
134385,134389
134384,134389
131573,134389
131573,134390
134384,134390
134386,134390
134379,134390
134388,134390
134387,134390
134389,134390
135252,134390
134281,134391
132060,134391
165183,134391
165185,134391
165184,134391
135101,134393
135510,134395
135101,134396
134953,134396
134371,134398
134258,134398
132703,134400
134403,134402
134475,134402
135377,134402
135547,134402
145683,134402
202790,134402
135510,134403
134402,134403
134376,134406
134280,134406
135258,134406
134211,134407
134227,134407
132058,134407
134250,134408
135101,134408
134225,134409
133168,134409
135107,134410
135303,134410
131567,134411
131573,134412
133159,134412
134384,134412
132789,134414
131607,134418
131670,134418
135300,134419
134469,134420
134471,134421
134463,134421
134423,134421
134465,134422
134430,134422
134421,134423
132061,134423
132061,134424
134458,134424
134474,134424
134472,134424
134480,134424
134469,134425
134463,134426
134595,134428
134465,134429
134434,134430
134422,134430
135547,134430
132802,134430
182134,134430
133366,134431
134434,134431
132676,134432
132825,134433
134430,134434
134431,134434
134472,134440
172265,134441
131938,134442
132061,134445
134477,134446
134455,134449
134465,134450
132821,134450
132822,134450
135344,134453
135345,134453
144104,134453
134449,134455
132799,134455
132813,134455
132579,134455
132549,134455
134477,134457
186487,134457
134480,134458
134424,134458
132756,134458
132756,134460
132784,134460
132996,134460
134474,134460
134065,134461
132587,134461
132588,134461
132259,134461
132519,134463
134472,134463
134426,134463
134421,134463
186476,134463
186477,134463
134422,134465
134429,134465
134450,134465
134359,134465
134282,134465
134274,134465
134227,134465
134082,134465
134098,134465
132487,134465
132812,134465
132803,134465
135319,134468
192398,134468
135547,134469
134420,134469
134425,134469
134536,134470
134421,134471
134424,134472
134440,134472
134474,134472
134475,134472
134473,134472
134463,134472
134211,134472
134480,134472
135318,134472
135317,134472
132756,134472
131772,134472
134472,134473
182102,134473
134472,134474
134460,134474
134424,134474
133414,134474
134402,134475
134472,134475
132579,134476
132726,134477
134457,134477
134446,134477
135547,134477
135545,134477
135980,134477
134593,134477
144748,134477
135318,134480
134458,134480
134472,134480
134424,134480
132726,134480
132779,134480
133075,134485
133477,134486
134535,134486
134540,134486
134541,134489
134543,134489
202872,134490
134535,134492
134535,134494
133495,134497
134499,134498
134498,134499
134568,134501
135142,134512
133180,134513
133495,134524
134717,134524
134539,134530
134575,134530
135018,134530
135022,134530
135608,134530
133964,134530
133941,134530
133875,134530
133477,134530
186495,134530
134571,134535
134492,134535
134494,134535
134587,134536
134591,134536
134593,134536
134470,134536
133623,134536
133642,134536
133423,134538
133075,134538
133941,134538
134540,134539
134530,134539
134486,134540
134539,134540
133669,134540
134489,134541
134489,134543
133490,134549
141127,134556
141127,134557
133075,134566
134501,134568
134573,134568
135013,134568
134535,134571
134568,134573
134530,134575
131670,134578
131607,134578
131751,134579
135160,134579
133490,134580
135564,134585
135121,134587
135122,134587
134536,134587
134735,134587
134724,134587
133423,134588
133231,134589
133623,134591
134724,134591
134735,134591
134536,134591
133656,134591
133260,134592
134536,134593
134477,134593
134735,134593
134724,134593
134428,134595
134252,134596
134622,134596
134631,134596
134670,134599
134691,134600
135695,134600
132441,134600
136700,134601
134681,134602
134637,134603
134666,134603
134260,134603
134301,134603
134955,134604
133418,134607
190331,134609
190331,134622
153903,134622
134596,134622
153903,134623
134713,134627
134703,134627
134227,134628
132060,134628
134252,134631
134596,134631
135625,134631
183920,134633
135578,134637
134603,134637
134666,134637
134260,134637
134301,134637
134654,134638
132733,134638
134638,134654
132468,134655
141153,134655
141152,134655
132705,134659
134637,134666
134603,134666
134301,134666
134599,134670
135625,134670
133638,134670
134260,134674
134244,134674
134690,134676
132472,134676
132468,134680
132467,134680
132451,134680
135691,134680
141152,134680
134602,134681
132481,134682
132469,134684
132433,134689
134694,134689
134711,134689
134750,134689
135507,134689
134676,134690
135101,134690
134265,134690
134369,134690
132441,134690
134600,134691
135045,134692
135970,134692
133391,134692
133396,134692
133408,134692
133384,134692
133380,134692
133373,134692
133348,134692
133347,134692
133307,134692
141150,134692
202872,134692
202873,134692
202869,134692
202868,134692
202866,134692
202865,134692
202864,134692
202863,134692
202862,134692
202860,134692
202859,134692
202858,134692
202856,134692
202854,134692
202855,134692
202853,134692
202852,134692
202850,134692
202848,134692
133084,134693
134758,134693
134759,134693
134689,134694
132471,134694
135148,134696
135179,134698
134762,134698
134746,134699
134627,134703
135132,134706
134953,134707
135132,134708
135132,134709
135132,134711
134689,134711
132471,134711
132173,134711
133200,134711
135132,134712
135132,134713
134627,134713
133315,134716
134524,134717
133684,134717
133696,134717
134734,134719
133623,134719
131670,134719
133393,134720
133311,134720
192928,134720
209668,134720
183890,134723
183890,134724
133642,134724
134587,134724
134593,134724
134591,134724
131982,134727
141386,134729
132340,134731
134719,134734
135198,134734
134591,134735
134593,134735
134587,134735
133642,134735
183890,134735
133314,134736
135109,134736
133907,134738
133941,134738
133924,134738
133954,134738
173203,134740
133877,134744
133879,134744
133810,134744
134699,134746
133408,134746
132471,134750
132472,134750
134689,134750
134252,134750
133734,134757
134693,134758
134693,134759
134369,134761
134698,134762
133418,134762
139317,134783
132322,134941
133201,134944
133207,134949
133227,134950
133167,134950
132228,134950
133234,134951
135034,134951
135025,134951
135254,134951
134293,134951
134258,134951
134259,134951
135025,134952
135033,134952
135375,134952
134707,134953
134396,134953
133098,134953
132243,134953
132253,134954
132265,134954
134110,134955
134604,134955
134287,134957
134296,134957
134340,134957
133017,134960
132651,134960
132625,134960
133228,134963
133227,134963
135027,134963
134321,134968
134284,134968
133208,134968
134031,134969
135275,134969
135169,134970
135513,134970
131754,134970
143545,134970
131592,134971
131550,134971
135026,134971
134984,134971
135010,134971
132173,134974
131544,134975
133038,134975
133059,134976
135485,134977
131566,134978
132173,134978
132238,134978
132551,134978
132579,134980
134065,134980
131559,134982
132864,134983
132870,134983
132904,134983
132903,134983
134971,134984
131548,134993
131590,134993
131774,134994
131752,134997
166386,134997
131763,134998
131800,134998
131607,134998
131761,134998
131687,134998
133563,134998
133740,134998
134971,135010
133444,135010
133489,135010
133017,135010
132625,135010
132676,135010
131566,135010
132557,135010
132340,135010
132173,135010
133477,135012
134568,135013
133495,135017
134530,135018
134530,135022
133549,135024
133227,135025
134952,135025
134951,135025
135034,135025
135033,135025
135032,135025
135249,135025
134971,135026
131564,135026
134963,135027
135025,135032
132228,135032
133243,135032
133249,135032
133234,135033
135025,135033
134952,135033
134293,135033
134259,135033
134258,135033
134951,135034
135025,135034
135375,135034
131538,135035
133472,135036
131692,135037
134177,135037
136563,135041
136564,135041
135160,135041
131779,135041
131780,135041
133408,135045
133380,135045
133307,135045
134692,135045
135357,135047
133317,135047
133365,135050
202731,135055
205841,135056
133387,135056
133419,135056
135303,135056
135106,135056
207072,135066
136588,135067
136021,135067
131890,135067
133833,135068
133890,135072
135091,135075
135087,135080
135089,135085
133879,135086
133840,135086
213429,135086
135080,135087
135085,135089
135075,135091
210972,135091
134095,135095
134095,135096
133827,135096
134046,135097
134162,135097
134197,135097
133576,135097
185109,135097
132591,135100
131735,135100
134085,135100
135293,135100
135610,135101
134690,135101
134014,135101
134250,135101
134144,135101
134172,135101
134170,135101
134112,135101
134288,135101
134269,135101
134296,135101
134396,135101
134393,135101
134408,135101
131593,135101
132066,135101
131814,135101
131847,135101
132094,135101
132472,135101
132444,135101
132851,135101
132891,135101
132887,135101
132874,135101
132917,135101
133582,135101
133268,135101
202956,135101
205441,135101
205841,135106
150603,135106
133318,135106
133359,135106
132441,135106
131836,135106
134265,135106
134235,135106
133967,135106
133924,135106
133941,135106
133907,135106
135107,135106
135056,135106
135303,135106
135106,135107
134410,135107
133419,135107
133492,135109
134736,135109
133280,135110
133289,135110
134285,135112
135122,135117
135121,135117
133101,135118
133720,135120
135117,135121
134587,135121
135943,135121
133642,135121
133581,135121
133563,135121
131800,135121
131800,135122
133563,135122
133581,135122
133642,135122
135943,135122
134587,135122
135117,135122
135635,135124
133935,135128
134290,135132
134231,135132
135607,135132
135628,135132
135608,135132
135193,135132
135194,135132
134708,135132
134709,135132
134706,135132
134711,135132
134712,135132
134713,135132
133448,135132
133287,135132
133275,135132
133217,135132
133160,135132
133159,135132
133158,135132
133141,135132
133142,135132
133205,135132
133200,135132
133168,135132
133081,135132
133078,135132
133070,135132
133066,135132
205572,135132
134512,135142
134696,135148
132457,135148
134183,135151
135197,135153
133418,135153
133423,135154
133941,135154
133924,135154
133967,135154
133954,135154
133907,135154
133906,135154
135300,135156
182082,135158
135041,135160
134579,135160
132173,135160
131782,135160
131751,135160
131664,135160
131645,135160
131646,135160
131743,135162
135294,135162
135723,135162
135724,135162
135547,135162
133271,135163
132666,135163
135294,135166
134970,135169
131609,135169
131794,135169
172163,135169
143593,135169
144747,135170
131995,135170
135247,135172
131831,135174
133622,135177
133418,135178
133296,135178
133418,135179
134698,135179
134350,135180
135197,135182
133280,135184
133465,135188
133514,135188
133500,135188
133523,135188
134350,135190
135132,135193
135132,135194
133414,135196
133414,135197
133099,135197
135153,135197
135182,135197
134734,135198
133623,135198
131670,135198
133553,135200
131927,135201
131912,135201
131968,135201
182102,135206
145904,135208
145903,135208
133307,135214
132522,135216
132090,135218
145508,135218
132523,135224
136021,135229
131928,135231
132040,135231
133101,135232
133137,135232
133137,135233
131898,135234
131687,135234
133950,135237
133962,135237
133922,135237
133916,135237
135307,135239
133735,135240
134277,135240
134211,135240
134210,135240
131567,135240
132058,135240
184556,135240
213501,135241
213510,135241
135280,135241
134227,135243
134240,135243
135172,135247
135025,135249
135376,135249
134390,135252
134951,135254
134406,135258
131572,135265
134227,135266
134211,135268
135277,135268
132058,135268
131672,135270
134295,135270
134299,135270
134243,135274
134031,135275
134969,135275
131607,135275
132247,135275
133162,135275
165184,135276
165185,135276
135268,135277
134211,135277
134265,135278
134301,135278
135695,135278
131682,135278
131776,135278
135241,135280
134348,135280
134319,135282
134301,135282
135289,135283
131727,135283
131750,135285
131607,135285
133574,135285
134371,135285
134177,135285
135557,135286
131563,135286
131727,135289
135283,135289
135100,135293
134169,135293
131554,135293
132273,135294
134051,135294
133864,135294
135166,135294
135162,135294
135748,135294
190384,135294
190386,135294
154063,135295
135540,135295
135511,135295
135523,135295
134059,135295
134162,135295
134157,135295
134197,135295
131791,135295
131961,135295
133366,135295
133345,135295
133812,135296
131986,135297
134071,135298
131799,135299
131723,135300
132151,135300
132156,135300
132526,135300
132387,135300
133580,135300
132915,135300
132853,135300
132856,135300
132855,135300
132824,135300
133969,135300
133806,135300
133809,135300
133899,135300
133902,135300
134182,135300
134419,135300
135532,135300
135540,135300
135156,135300
133344,135301
133318,135303
133419,135303
131788,135303
131789,135303
131836,135303
135106,135303
135056,135303
135510,135303
134410,135303
134388,135303
134308,135303
133892,135303
205841,135303
133876,135304
133829,135304
133680,135304
133983,135304
134181,135304
131971,135304
131725,135304
131625,135304
133398,135304
133349,135304
133345,135305
133342,135305
154063,135305
183888,135305
135239,135307
134207,135310
191853,135310
204209,135311
204100,135311
135891,135311
133281,135315
143303,135315
141404,135316
134472,135317
134472,135318
134480,135318
132756,135318
132061,135318
134468,135319
135607,135324
131644,135328
133568,135329
135336,135330
133616,135331
185214,135331
133612,135336
133611,135336
133585,135336
135330,135336
136607,135336
186493,135337
205755,135338
133657,135338
133657,135339
133662,135339
133585,135340
133584,135340
133611,135340
133613,135340
144503,135340
163183,135341
165188,135341
191442,135341
133652,135341
132040,135342
135345,135343
135344,135343
144104,135343
144104,135344
206796,135344
135345,135344
135343,135344
134453,135344
134227,135344
132060,135344
134453,135345
135343,135345
135344,135345
206796,135345
133644,135346
133575,135346
133652,135347
165188,135347
163183,135347
191442,135347
133647,135348
133562,135348
133566,135348
133229,135348
132045,135348
131845,135348
131859,135348
131877,135348
133660,135348
133907,135350
133967,135350
133954,135350
133924,135350
133941,135350
133765,135353
133942,135354
133956,135354
133998,135354
135356,135354
141149,135354
133957,135355
133943,135355
133936,135355
133918,135355
133942,135356
133956,135356
133998,135356
135354,135356
141149,135356
135047,135357
133768,135357
131578,135357
136715,135359
134330,135372
134359,135372
134271,135372
134220,135372
134281,135374
135034,135375
134952,135375
135249,135376
134323,135376
165190,135376
132280,135385
132979,135393
132433,135395
132486,135395
132487,135395
135471,135396
132336,135406
132674,135407
132412,135410
132415,135410
132363,135410
132364,135414
132365,135414
132361,135414
132370,135414
132371,135414
132374,135414
132376,135414
132359,135414
135745,135414
134316,135415
132168,135415
132966,135415
165191,135415
182035,135418
132094,135418
132516,135418
135563,135418
132324,135419
132323,135419
132313,135419
145525,135419
191884,135419
132546,135423
132547,135423
132358,135427
132486,135429
132415,135429
132711,135431
132764,135435
132625,135443
132486,135449
205773,135452
132883,135463
132917,135468
133073,135470
133057,135470
133056,135470
133002,135470
132557,135470
132382,135470
132446,135471
132479,135471
132480,135471
135396,135471
132961,135472
132227,135473
132173,135473
132226,135473
132076,135476
132109,135476
132563,135476
132412,135476
132410,135476
132398,135476
132401,135476
132738,135476
132756,135476
132752,135476
135644,135476
133007,135479
132382,135480
132103,135480
132093,135481
131677,135485
134977,135485
132749,135486
214804,135487
132800,135488
132813,135489
133038,135491
132864,135491
131677,135491
131544,135491
185101,135495
134220,135506
134209,135507
134689,135507
132471,135507
132749,135507
132774,135507
132776,135507
132763,135507
183888,135508
135303,135510
134243,135510
134347,135510
134364,135510
134395,135510
134403,135510
135295,135511
134970,135513
132034,135513
202958,135513
132625,135516
133017,135516
133159,135518
132370,135518
132842,135519
131777,135522
133366,135523
135295,135523
135544,135524
190266,135525
190267,135525
131587,135526
135300,135532
184564,135533
182247,135536
182248,135536
186478,135539
186479,135539
204828,135539
135300,135540
135295,135540
135524,135544
133778,135544
133970,135545
135547,135545
134477,135545
132700,135545
145683,135545
133300,135547
133379,135547
131743,135547
134477,135547
135162,135547
135545,135547
135724,135547
135723,135547
134402,135547
134430,135547
134469,135547
133971,135549
133762,135549
133763,135549
135550,135549
135564,135549
135549,135550
133971,135550
135286,135557
132418,135557
132076,135557
190361,135557
135418,135563
135564,135563
135549,135564
135563,135564
134585,135564
133977,135564
133905,135564
133890,135564
132010,135564
131989,135564
133903,135568
135606,135568
132339,135571
136015,135574
132340,135577
132676,135577
134637,135578
132713,135579
132342,135579
131931,135580
131805,135580
131899,135582
131923,135582
131976,135591
135681,135591
133948,135592
133921,135592
133927,135592
144523,135592
132703,135595
132325,135602
131559,135604
135976,135604
135568,135606
135324,135607
135132,135607
135132,135608
134530,135608
132173,135608
133423,135608
133171,135608
133172,135608
133175,135608
191942,135608
135101,135610
133530,135612
131865,135625
134631,135625
134670,135625
131989,135627
131986,135627
132173,135628
133200,135628
132579,135628
135132,135628
135124,135635
132248,135638
132151,135642
132676,135642
132756,135644
135476,135644
133414,135646
133231,135648
134107,135662
134107,135663
133927,135663
133921,135663
133948,135663
144523,135663
134107,135664
134107,135673
135591,135681
134680,135691
132450,135691
134600,135695
135278,135695
132704,135708
133414,135719
135162,135723
135547,135723
135547,135724
135162,135724
136660,135726
135414,135745
135294,135748
131644,135748
150603,135760
132813,135767
185080,135797
182369,135802
178414,135802
135827,135808
134139,135809
131687,135809
131554,135818
202857,135826
135808,135827
145003,135829
190419,135834
190419,135835
134220,135836
131880,135842
135997,135843
134251,135856
135986,135858
132382,135869
131986,135875
183919,135878
133646,135880
133137,135889
136839,135891
136838,135891
135311,135891
134117,135899
210632,135899
183919,135902
154043,135902
131630,135902
131632,135902
131607,135902
165193,135905
165194,135905
191853,135910
134207,135910
133496,135918
133429,135918
132772,135921
132888,135933
131804,135935
133833,135941
135121,135943
135122,135943
133146,135949
133524,135951
204733,135968
133381,135970
134692,135970
134325,135972
134371,135976
134177,135976
135604,135976
145778,135976
134477,135980
133865,135981
133904,135984
135858,135986
133907,135996
133954,135996
133967,135996
133941,135996
135843,135997
209607,136003
209908,136003
133048,136005
132500,136005
135574,136015
135067,136021
135229,136021
133352,136021
185292,136021
132040,136560
134221,136560
134221,136561
132040,136561
171763,136562
135041,136563
135041,136564
133544,136565
134086,136569
134086,136570
133523,136580
133368,136587
133388,136587
132307,136587
135067,136588
183680,136588
135336,136607
133375,136608
133352,136608
132990,136608
185109,136614
131838,136622
136689,136624
187022,136626
135726,136660
139314,136663
139314,136665
139314,136666
132716,136673
136624,136689
145903,136692
145904,136692
134601,136700
133038,136709
131544,136709
131544,136710
133038,136710
133038,136711
131544,136711
136831,136715
135359,136715
204262,136715
204263,136715
132305,136721
133599,136729
131653,136774
132377,136806
132377,136807
136853,136813
136854,136813
133372,136819
209668,136822
209668,136823
209668,136826
192928,136826
133393,136826
133311,136826
136715,136831
186581,136836
204209,136838
204100,136838
135891,136838
135891,136839
133375,136839
204100,136839
204209,136839
206847,136842
133300,136846
205452,136847
205452,136848
145003,136850
136813,136853
136813,136854
209607,136855
133955,136861
133361,137082
209607,139303
185257,139305
202850,139312
202862,139312
202863,139312
202864,139312
202865,139312
202848,139312
141150,139312
145703,139314
136663,139314
136665,139314
136666,139314
134783,139317
141141,139317
141142,139317
213426,140615
133697,140633
132301,140635
132300,140656
132286,140656
132336,140656
182081,141125
134556,141127
134557,141127
133352,141132
144443,141132
134107,141137
139317,141141
153903,141141
153903,141142
139317,141142
153903,141143
134205,141144
133956,141149
133942,141149
133998,141149
135354,141149
135356,141149
139312,141150
134692,141150
133373,141150
132450,141152
134680,141152
134655,141152
154023,141152
154023,141153
134655,141153
134197,141154
132695,141161
204809,141381
131671,141382
131834,141382
134729,141386
134061,141397
135316,141404
145024,143259
135315,143303
133279,143303
133274,143303
150603,143469
143593,143504
172163,143504
134970,143545
135169,143593
143504,143593
205444,143597
205442,143597
205443,143597
133319,143597
186495,143600
172245,143605
184556,143703
132058,143703
131567,143703
133735,143703
134210,143703
134211,143703
134277,143703
185020,143943
133986,144023
134453,144104
135344,144104
135343,144104
206795,144104
133075,144163
144503,144424
141132,144443
206752,144443
133352,144443
186492,144465
144424,144503
133584,144503
135340,144503
135663,144523
135592,144523
133921,144523
133927,144523
133948,144523
133827,144585
133812,144585
135170,144747
131931,144747
131810,144747
134477,144748
133008,144883
132963,144883
132842,144883
132903,144965
135829,145003
136850,145003
182072,145003
143259,145024
202731,145043
202731,145065
205754,145072
205694,145423
132551,145485
186484,145507
132423,145508
132097,145508
133021,145508
135218,145508
132854,145515
132718,145515
132197,145515
132289,145515
202774,145515
132413,145519
132563,145519
132562,145519
132506,145519
183859,145522
132326,145525
133481,145525
135419,145525
132606,145529
132599,145529
132605,145529
132852,145543
186346,145544
173183,145555
132276,145558
187022,145578
132676,145683
135545,145683
134402,145683
139314,145703
182126,145743
135976,145778
181228,145792
181227,145792
136692,145903
135208,145903
133022,145903
133022,145904
135208,145904
136692,145904
133808,145943
150603,146923
146923,150603
143469,150603
135760,150603
135106,150603
133318,150603
132279,153364
132079,153364
132298,153663
132516,153843
186488,153843
141142,153903
141143,153903
141141,153903
134623,153903
134622,153903
134209,153903
132468,154023
141153,154023
141152,154023
131632,154043
131591,154043
135902,154043
135305,154063
135295,154063
133326,154063
133366,154063
131986,154123
132269,162964
132229,162964
133585,162983
133612,162983
133331,163043
133332,163043
131577,163043
131576,163043
131576,163063
133331,163063
135341,163183
135347,163183
134391,165183
165185,165183
165184,165183
165183,165184
134391,165184
134298,165184
134227,165184
135276,165184
132060,165184
132060,165185
135276,165185
134227,165185
134298,165185
134391,165185
165183,165185
135347,165188
135341,165188
134316,165189
135376,165190
135415,165191
132676,165191
135905,165193
133676,165193
165194,165193
165193,165194
135905,165194
134997,166386
133254,166386
133075,171063
136562,171763
135169,172163
133038,172163
132870,172163
131544,172163
143504,172163
143605,172245
132226,172245
133017,172245
132625,172245
134441,172265
132601,172685
132515,172685
132529,172685
132529,172688
132515,172688
132601,172688
145555,173183
133906,173203
134740,173203
132289,176414
132289,176415
132289,176416
205773,177414
132718,177422
210616,177443
181227,177654
181228,177654
202755,177657
202754,177657
202752,177657
202753,177657
185109,178129
133075,178413
133628,178414
133491,178414
135802,178414
182369,178414
132277,180591
132492,181227
177654,181227
145792,181227
145792,181228
177654,181228
132492,181228
132156,181229
132156,181230
135418,182035
183921,182047
132834,182057
145003,182072
132415,182077
141125,182081
135158,182082
132392,182094
133812,182099
192325,182099
209913,182102
134473,182102
135206,182102
132768,182102
182119,182118
182118,182119
145743,182126
133300,182126
134430,182134
132827,182194
132279,182197
132280,182197
132169,182206
133843,182237
135536,182247
135536,182248
134095,182284
190324,182301
182331,182322
186368,182328
182322,182331
133394,182333
135802,182369
178414,182369
190426,182375
184548,182458
184548,182459
134254,182742
182798,182744
209607,182780
182744,182798
186551,183097
202717,183426
183846,183678
136588,183680
133034,183680
131890,183680
133657,183846
183678,183846
133657,183847
132294,183859
132855,183859
132882,183859
145522,183859
183907,183869
186492,183881
135508,183888
135305,183888
134723,183890
134735,183890
134724,183890
196596,183893
133863,183894
133825,183894
131592,183904
183869,183907
183917,183916
133828,183916
133796,183916
133796,183917
133828,183917
183916,183917
135902,183919
135878,183919
131632,183919
131607,183919
134633,183920
182047,183921
182458,184548
182459,184548
143703,184556
135240,184556
133386,184558
133361,184558
134729,184561
135533,184564
134012,184565
131784,184565
134004,184669
143943,185020
135797,185080
135495,185101
134299,185101
131672,185101
136614,185109
135097,185109
178129,185109
185236,185214
135331,185214
185214,185236
139305,185257
136021,185292
134203,185292
133347,185297
133608,185304
202795,185330
202796,185330
132994,186336
132995,186336
133054,186346
132578,186346
145544,186346
133982,186351
182328,186368
134463,186476
134463,186477
135539,186478
135539,186479
132783,186480
132752,186480
132280,186484
145507,186484
134457,186487
153843,186488
144465,186492
183881,186492
135337,186493
133611,186493
133423,186495
132173,186495
134530,186495
143600,186495
183097,186551
132531,186552
133051,186552
133278,186581
136836,186581
136626,187022
145578,187022
207073,190251
207073,190252
134284,190253
135525,190266
135525,190267
182301,190324
134622,190331
134609,190331
134209,190331
134264,190331
135557,190361
132781,190363
131987,190374
131988,190374
131989,190374
134386,190374
135294,190384
135294,190386
131644,190386
133573,190417
132834,190419
135834,190419
135835,190419
182375,190426
133263,191239
133986,191281
133839,191281
134026,191328
134029,191328
134028,191328
134028,191329
134029,191329
134026,191329
135341,191442
135347,191442
134200,191852
135310,191853
135910,191853
132551,191861
132446,191861
133773,191877
133777,191878
202774,191883
135419,191884
132326,191884
133481,191884
135608,191942
132382,191957
132545,191957
204811,192001
134082,192045
202754,192187
202755,192187
202753,192187
202752,192187
133414,192324
133778,192325
182099,192325
133553,192346
134468,192398
136826,192928
134720,192928
133339,192928
204808,192928
204807,192928
132060,193683
134227,193683
134035,196585
202791,196587
133809,196594
183893,196596
131680,196600
133363,196600
134326,197183
133865,197341
132352,197424
134079,197608
133391,202717
133114,202717
183426,202717
145043,202731
145065,202731
133343,202731
133331,202731
131576,202731
135055,202731
132545,202749
132549,202749
132487,202749
132383,202749
132801,202749
132801,202750
132383,202750
132487,202750
132549,202750
132545,202750
132545,202751
132549,202751
132487,202751
132383,202751
132801,202751
133052,202752
132961,202752
133183,202752
177657,202752
192187,202752
192187,202753
177657,202753
133183,202753
132961,202753
133052,202753
133052,202754
132961,202754
133183,202754
177657,202754
192187,202754
192187,202755
177657,202755
133183,202755
132961,202755
133052,202755
132287,202774
145515,202774
191883,202774
132700,202790
134402,202790
196587,202791
185330,202795
185330,202796
134692,202848
139312,202848
133373,202848
133373,202850
139312,202850
134692,202850
134692,202852
133373,202852
133373,202853
134692,202853
134692,202854
133373,202854
134692,202855
134692,202856
133373,202856
133373,202857
135826,202857
134692,202858
133373,202858
133373,202859
134692,202859
134692,202860
133373,202860
133373,202862
134692,202862
139312,202862
139312,202863
134692,202863
133373,202863
133373,202864
134692,202864
139312,202864
139312,202865
134692,202865
133373,202865
133373,202866
134692,202866
134692,202868
133373,202868
133373,202869
134692,202869
134692,202872
134490,202872
133373,202872
133373,202873
134692,202873
132198,202893
134169,202896
134170,202896
134167,202896
135101,202956
131799,202956
131799,202957
131799,202958
135513,202958
204810,204082
135311,204100
136838,204100
136839,204100
205351,204137
205351,204138
209607,204147
209607,204202
133347,204207
136839,204209
136838,204209
135311,204209
136715,204262
136715,204263
209607,204273
135968,204733
206849,204800
192928,204807
133393,204807
133393,204808
192928,204808
141381,204809
204082,204810
192001,204811
132208,204811
132497,204811
135539,204828
209607,204836
134203,205335
134200,205337
204137,205351
204138,205351
135101,205441
131553,205442
133320,205442
143597,205442
143597,205443
133320,205443
131553,205443
131553,205444
133320,205444
143597,205444
136847,205452
136848,205452
134139,205461
135132,205572
132556,205694
145423,205694
145072,205754
131791,205754
131942,205754
133590,205754
134074,205754
135338,205755
132050,205755
132640,205773
135452,205773
177414,205773
135303,205841
135106,205841
135056,205841
131789,205841
131836,205841
131612,206601
144443,206752
133756,206782
144104,206795
135344,206796
135345,206796
132305,206846
136842,206847
204800,206849
135066,207072
133324,207072
190251,207073
190252,207073
209608,207073
210972,207100
204836,209607
204273,209607
204147,209607
204202,209607
182780,209607
133351,209607
133386,209607
136855,209607
139303,209607
136003,209607
207073,209608
209625,209624
133375,209624
209624,209625
133406,209668
133339,209668
133301,209668
136826,209668
136822,209668
136823,209668
134720,209668
136003,209908
133351,209908
133386,209908
182102,209913
134272,209914
132666,210616
132660,210616
132910,210616
132873,210616
177443,210616
134159,210632
135899,210632
135091,210972
207100,210972
213372,210975
133608,210975
133609,210975
133423,213372
210975,213372
140615,213426
133989,213426
133732,213429
135086,213429
134227,213498
134227,213499
134227,213500
135241,213501
135241,213510
133732,213539
133683,213539
133683,213541
133732,213541
132352,213560
131989,213560
